Date,SKU,Vintage,Item Name,List Price,Quantity On Hand,Allocation
10/13/2024 8:09 PM,1702832,2022,"Donnhoff Felsenberg ""Felsentürmchen"" Riesling Grosses Gewächs Nahe (Previously $85)",Hidden,Sold Out,
10/13/2024 7:39 PM,1169260,2004,"Hyde de Villaine ""Belle Cousine"" Carneros Proprietary Red",$44.99,1,
10/13/2024 7:39 PM,1150911,2009,Silver Oak Napa Valley Cabernet Sauvignon,$139.99,1,
10/13/2024 7:39 PM,1419229,2016,"Kosta Browne ""Koplen Vineyard"" Russian River Valley Pinot Noir",$119.99,1,
10/13/2024 7:39 PM,1756397,2008,O'Shaughnessy Howell Mountain Cabernet Sauvignon (bin-soiled & nicked label),$124.99,1,
10/13/2024 7:39 PM,1778090,2013,"Peter Michael ""Clos du Ciel"" Fort Ross-Seaview Pinot Noir (depressed cork)",$124.99,1,
10/13/2024 7:39 PM,1776726,2003,"Robert Mondavi ""Reserve"" Napa Valley Cabernet Sauvignon (lightly stained label)",$119.99,1,
10/13/2024 7:39 PM,1627347,2016,"Robert Mondavi ""Reserve"" Carneros Pinot Noir",$54.99,1,
10/13/2024 7:39 PM,1018266,2001,"Kenwood ""Artist Series"" Sonoma Cabernet Sauvignon",$59.99,1,
10/13/2024 7:39 PM,999998,1999,Simi Alexander Valley Cabernet Sauvignon,$49.99,1,
10/13/2024 7:39 PM,1012495,2001,Stags' Leap Winery Napa Valley Cabernet Sauvignon,$44.99,1,
10/13/2024 7:39 PM,1774584,2010,"Ridge Vineyards ""Klein"" Santa Cruz Mountains Cabernet Sauvignon (lightly scuffed label)",$99.99,1,
10/13/2024 7:39 PM,1782183,1997,"Bargetto ""Unfiltered Reserve"" Santa Cruz Mountains Cabernet Sauvignon",$44.99,1,
10/13/2024 9:06 AM,1726993,2021,Tekstura Willamette Valley Pinot Noir,$29.99,Sold Out,
10/13/2024 3:05 AM,1782158,,"Charbay ""Number 5 To Stay Alive"" Scotch Club Exclusive Hop Flavored Whiskey (750ml) (Special Order)",$179.99,Sp O,
10/13/2024 1:05 AM,610023,,Johnnie Walker Black Blended Scotch Whisky (750ml),$34.99,1,
10/12/2024 11:04 PM,1766512,,"Rare Character 8 Year Old ""Stiletto"" Barrel #RIO-315 Cask Strength Indiana Bourbon Whiskey (750ml)",$125.00,Sold Out,2
10/12/2024 10:49 PM,1560967,2018,"Ridge Vineyards ""Monte Bello"" Santa Cruz Mountains Cabernet Sauvignon",$249.99,1,
10/12/2024 10:49 PM,1088992,2008,"Antinori ""Tignanello"" Toscana",$329.99,1,
10/12/2024 10:04 PM,1432025,2016,"Antinori ""Tignanello"" Toscana 6-Pack (Special Order) (Pre-Arrival)","$1,345.00",Sp O,
10/12/2024 6:03 PM,1716886,2019,"Crowley Vineyard ""Estate"" Spring Mountain District Cabernet Sauvignon (Previously $80)",Hidden,1,
10/12/2024 5:18 PM,1783923,2021,"Jermann ""Were Dreams"" Where Dreams Have no End Venezia Giulia",$72.99,6,
10/12/2024 4:48 PM,1371612,2015,"d'Yquem, Sauternes (375ml)",$269.99,3,
10/12/2024 4:48 PM,1784142,2015,"d'Yquem, Sauternes (375ml) (depressed cork)",$269.99,1,
10/12/2024 4:33 PM,1780150,2022,"Domaine Arlaud Morey-St-Denis 1er Cru ""Les Millandes""",$119.99,6,
10/12/2024 4:18 PM,1784143,2014,"d'Yquem, Sauternes (375ml) (lightly scuffed label)",$219.99,1,
10/12/2024 4:18 PM,1090875,2011,"d'Yquem, Sauternes (375ml)",$249.99,1,
10/12/2024 4:18 PM,1112065,2009,"d'Yquem, Sauternes",$549.99,1,
10/12/2024 4:18 PM,1270845,2013,"d'Yquem, Sauternes (375ml)",$199.99,1,
10/12/2024 4:18 PM,1021456,2001,"d'Yquem, Sauternes (375ml)",$399.99,1,
10/12/2024 4:18 PM,1206678,2014,"d'Yquem, Sauternes (375ml)",$219.99,Sold Out,
10/12/2024 3:47 PM,1786342,2009,"Saxum ""James Berry Vineyard"" Paso Robles Rhône Blend (1.5L) (lightly scuffed label)",$299.99,1,
10/12/2024 3:32 PM,1293507,,Tromba Blanco Tequila (750ml) (Previously $40),Hidden,6,
10/12/2024 2:47 PM,1374229,,"Uline Top Loading Packing List Envelopes - Clear, 9 1/2 x 6"" 1,000/carton",$0.30,> 100,
10/12/2024 9:05 AM,1225548,,"Cynar ""70 Proof"" Artichoke Liqueur (1L)",$42.99,13,
10/12/2024 4:47 AM,1684200,,Barrell Craft 9 Year Old K&L Exclusive Single Barrel #Z6B4 Indiana Straight Bourbon Whiskey (750ml) (Previously $100),Hidden,2,
10/12/2024 4:47 AM,1706441,,Ventura Spirits Pixie Collins (4x200ml Cans) (Previously $20),Hidden,3,
10/12/2024 4:47 AM,1702404,2020,"Peter Michael ""Au Paradis"" Oakville Cabernet Sauvignon (Previously $279)",Hidden,7,
10/12/2024 4:47 AM,1701933,2017,"Sérafin Père et Fils Gevrey-Chambertin 1er Cru ""Les Corbeaux"" (Previously $180)",Hidden,1,
10/12/2024 4:47 AM,1562616,2009,Domaine Séailles 11 Year Old Tenareze Armagnac (700ml) (Previously $70),Hidden,81,
10/12/2024 4:47 AM,1689017,2019,"Vinos del Viento ""Montecito"" Campo de Borja (Previously $15)",Hidden,> 100,
10/12/2024 4:47 AM,1706670,2019,"Azelia ""San Rocco"" Barolo (Previously $124)",Hidden,18,
10/12/2024 4:47 AM,1544984,2018,"Hospices de Beaune (Domaine Coche-Dury) Pommard 1er Cru ""Epenots Dom Goblet"" (Previously $2000)",Hidden,1,
10/12/2024 4:47 AM,1512667,,"Franck Besson ""Hannapolline"" Extra Brut Gamay Blanc de Noirs  (Previously $25)",Hidden,80,
10/12/2024 4:47 AM,1000304,,"Adrien Camut ""Reserve d'Adrien (35+ years old)"" Calvados (750ml) (Previously $400)",Hidden,3,
10/12/2024 4:47 AM,1380546,,Copalli White Belize Rum (750ml) (Previously $30),Hidden,38,
10/12/2024 4:47 AM,1146303,,Purasangre 5 Year Old Extra Anejo Tequila (750ml) (Local Delivery Only - cannot ship) (Previously $150),Hidden,6,
10/12/2024 4:47 AM,1605727,2019,"Hospices de Beaune (Coche Dury) Pommard ""Cuvee Chaudron"" (Previously $950)",Hidden,1,
10/12/2024 4:47 AM,1477074,,"Cardinal du Four ""21 Rébellion"" Armagnac (750ml) (Previously $400)",Hidden,2,
10/12/2024 4:47 AM,1628572,2020,Maison Henri Boillot Echézeaux Grand Cru (Previously $400),Hidden,1,
10/12/2024 4:47 AM,1181960,,El Silencio Espadin Black Bottle Mezcal (750ml) (Previously $30),Hidden,13,
10/12/2024 4:47 AM,1703202,2020,Domaine Coche-Dury Auxey-Duresses Rouge (Previously $450),Hidden,1,
10/12/2024 4:47 AM,1678278,,"Turner Stillhouse Three Cuts ""Distiller's Release"" Tasmanian Gin (750ml) (Previously $45)",Hidden,8,
10/12/2024 4:47 AM,1657342,,"Meili ""Limited Release"" Montana Spring Water Vodka (750ml) (Previously $23)",Hidden,14,
10/12/2024 4:47 AM,1670610,2015,"Samaroli ""SPQR"" III Edition Blended Rum (700ml) (Previously $100)",Hidden,3,
10/12/2024 4:47 AM,1550006,2018,"I. Brand ""Block 10 - Massa Vineyard"" Carmel Valley Cabernet Sauvignon (Previously $75)",Hidden,4,
10/12/2024 4:47 AM,1678277,,"Turner Stillhouse Three Cuts ""Founder's"" Tasmanian Gin (750ml) (Previously $45)",Hidden,6,
10/12/2024 4:47 AM,1644722,,"Smoke Wagon ""Malted Rye"" Indiana Straight Rye Whiskey (750ml) (Previously $80)",Hidden,3,
10/12/2024 4:47 AM,1662359,,Zalto Water Glass (Previously $76),Hidden,4,
10/12/2024 4:47 AM,1463392,,English Harbour Port Cask Finished Antigua Rum (750ml) (Previously $50),Hidden,4,
10/12/2024 4:47 AM,1054708,,Tyrconnell 10 year Port Casks Single Malt Irish Whiskey (750ml) (Previously $90),Hidden,2,
10/12/2024 4:47 AM,1697399,2020,"Spinifex ""Esprit"" Rhone Blend Barossa Valley South Australia (Previously $35)",Hidden,6,
10/12/2024 4:47 AM,1667809,,Jettywave Honey Moon Shine (750ml) (Previously $45),Hidden,4,
10/12/2024 4:47 AM,1670609,2012,"Pacific Oblivion 9 Year Old ""Samaroli""  First Fill Ex-Bourbon Barrel Aged Fiji Rum (700ml) (Previously $150)",Hidden,1,
10/12/2024 4:47 AM,1614771,,Jim Beam Peach Flavored Bourbon Whiskey (750ml) (Previously $13),Hidden,3,
10/12/2024 4:47 AM,1657004,,Cleanco Clean V Apple Vodka Non-Alcoholic Spirit (700ml) (Previously $30),Hidden,2,
10/12/2024 4:47 AM,1614772,,Jim Beam Honey Flavored Bourbon Whiskey (750ml) (Previously $13),Hidden,3,
10/12/2024 4:47 AM,1619375,,"Amaras Logia ""Sierra Negra"" Mitla, Oaxaca Artesanal Mezcal (700ml) (Previously $120)",Hidden,1,
10/12/2024 4:47 AM,1652262,,Zalto Beer Glass (Previously $66),Hidden,1,
10/12/2024 4:47 AM,1686775,2018,"Le Vrille et Le Papillon ""Z Rouge"" Vin de France Rouge (No Sulfites Added/Natural Wine) (Previously $35)",Hidden,1,
10/12/2024 4:47 AM,1672296,2017,"Ojai Alisal Vineyard, Ventura County Grenache (Previously $30)",Hidden,Sold Out,
10/12/2024 4:47 AM,1621781,,"Oxbow Brewing Company ""Indigo Yum"" Fruited Farmhouse, Maine (500ml) (Previously $18)",Hidden,3,
10/12/2024 4:47 AM,1657434,,Red Saint Peach Ginger Tea Canned Cocktail (4 pack x 12oz cans) (Previously $15),Hidden,3,
10/12/2024 4:47 AM,1699287,,"Range of Light ""Blueberry Zinfandel"" Apple Cider, Washington (16oz can) (Previously $5)",Hidden,5,
10/12/2024 4:47 AM,1532242,,Southern Comfort 100 Proof Liqueur (750ml) (Previously $20),Hidden,2,
10/12/2024 4:47 AM,1594202,,Rally American Gin (750ml) (Previously $37),Hidden,2,
10/12/2024 4:47 AM,1626282,,"Central Coast Brewing ""Raspberry Sunrise"" Kettle Sour w/ Raspberries and Citrus, California (16oz can) (Previously $7)",Hidden,1,
10/12/2024 4:47 AM,1497843,,Jim Beam Kentucky Rye Whiskey (750ml) (Previously $18),Hidden,3,
10/12/2024 4:47 AM,1620559,,Matchbook Distilling Co. Blingnova Corn Vodka (750ml) (Previously $35),Hidden,3,
10/12/2024 4:47 AM,1667426,,Aqara Reposado Agave de los Andes (750ml) (Previously $60),Hidden,1,
10/12/2024 4:47 AM,1311294,,Two James Spirits Johnny Smoking Gun Badlands Tea Flavored Whiskey (750ml) (Previously $40),Hidden,2,
10/12/2024 4:47 AM,1464928,,21 Seeds Valencia Orange Infused Tequila (750ml) (Previously $30),Hidden,3,
10/12/2024 4:47 AM,1233253,,"Grimm Artisanal Ales ""Double Negative"" Imperial Stout, New York (500ml) (Previously $12)",Hidden,11,
10/12/2024 4:47 AM,1716881,2021,"Domaine Tollot-Beaut Aloxe-Corton 1er Cru ""Les Vercots""  (Previously $120)",Hidden,1,
10/12/2024 4:47 AM,1640661,,Wilderness Trail Bottled-In-Bond Sweet Mash Rye Whiskey (750ml) (Previously $50),Hidden,2,
10/12/2024 4:47 AM,1513968,,Rumple Minze Peppermint Schnapps (750ml) (Previously $30),Hidden,2,
10/12/2024 4:47 AM,1614588,,"Grassl ""Elemental Series - Water"" Mouth-blown Lead-free Crystal Glassware (Previously $18)",Hidden,1,
10/12/2024 4:47 AM,1614768,,Jim Beam Apple Flavored Bourbon Whiskey (750ml) (Previously $13),Hidden,2,
10/12/2024 4:47 AM,1614770,,Jim Beam Orange Flavored Bourbon Whiskey (750ml) (Previously $13),Hidden,3,
10/12/2024 4:47 AM,1620283,2022,"Devil's Canyon  Barrel Aged Mango Sour IPA, California (500ml) (Previously $23)",Hidden,2,
10/12/2024 4:47 AM,1620553,,"Grimm Artisinal Ales ""Wobble in Time"" Foeder-ferm sour ale w/ mango, black, New York (500 ml bottle) (Previously $14)",Hidden,3,
10/12/2024 4:47 AM,1677836,2020,"La Mariota ""Bac de las Coves"" Vin de France (Natural Wine) (Previously $47)",Hidden,3,
10/12/2024 12:31 AM,1479862,2013,"Salvioni ""Cerbaiola"" Brunello di Montalcino 6-Pack (Special Order) (Pre-Arrival)","$1,295.00",Sp O,
10/12/2024 12:31 AM,1432109,2014,"Léoville-Poyferré, St-Julien 12-Pack in OWC (Special Order) (Pre-Arrival)","$1,250.00",Sp O,
10/12/2024 12:31 AM,1662000,2016,"Castello di Romitorio ""Filo di Seta"" Brunello di Montalcino 6-Pack (Special Order) (Pre-Arrival)",$750.00,Sp O,
10/12/2024 12:31 AM,1756981,2014,"Vega Sicilia ""Unico"" Ribera del Duero 3-Pack in OWC (Special Order) (Pre-Arrival)","$1,450.00",Sp O,
10/12/2024 12:31 AM,1637230,2018,"Nervi-Conterno ""Vigna Valferana"" Gattinara 6-Pack (Special Order) (Pre-Arrival)",$875.00,Sp O,
10/12/2024 12:31 AM,1542028,2015,"Salvioni ""Cerbaiola"" Brunello di Montalcino 6-Pack (Special Order) (Pre-Arrival)","$1,075.00",Sp O,
10/12/2024 12:31 AM,1644349,2007,Fanti Brunello di Montalcino 6-Pack (Special Order) (Pre-Arrival),$320.00,Sp O,
10/12/2024 12:31 AM,1433356,2015,"Lafleur, Pomerol 6-Pack in OWC (Special Order) (Pre-Arrival)","$9,995.00",Sp O,
10/12/2024 12:31 AM,1715598,2016,Giuseppe Quintarelli Rosso del Bepi Veneto 6-Pack (Special Order) (Pre-Arrival),$945.00,Sp O,
10/12/2024 12:31 AM,1655334,2009,"Conterno Fantino ""Sori Ginestra"" Barolo 6-Pack (Special Order) (Pre-Arrival)",$575.00,Sp O,
10/12/2024 12:31 AM,1656082,2013,"E. Guigal ""Ex-Voto"" Ermitage Rouge 6-Pack (Special Order) (Pre-Arrival)","$1,595.00",Sp O,
10/12/2024 12:31 AM,1787908,2018,"E. Guigal ""Château d'Ampuis"" Côte-Rôtie 6-Pack (Special Order) (Pre-Arrival)",$650.00,Sp O,
10/12/2024 12:31 AM,1412773,2015,"Haut-Brion, Pessac-Léognan 6-Pack in OWC (Special Order) (Pre-Arrival)","$3,595.00",Sp O,
10/12/2024 12:31 AM,1724393,2010,"Rivetti La Spinetta ""Starderi"" Barbaresco 6-Pack (Special Order) (Pre-Arrival)","$1,795.00",Sp O,
10/12/2024 12:31 AM,1541202,2016,"La Mondotte, St-Emilion 6-pack in OWC (Special Order) (Pre-Arrival)","$1,699.00",Sp O,
10/12/2024 12:31 AM,1741972,2018,"Rene Rostaing ""Côte Brune"" Côte-Rôtie 3-Pack (Special Order) (Pre-Arrival)","$1,775.00",Sp O,
10/12/2024 12:31 AM,1643136,2019,"Ausone, St-Émilion 6-Pack in OWC (Special Order) (Pre-Arrival)","$3,995.00",Sp O,
10/12/2024 12:31 AM,1665059,2018,"Lafleur, Pomerol 3-Pack in OWC (Special Order) (Pre-Arrival)","$4,595.00",Sp O,
10/12/2024 12:31 AM,1713414,2015,"Rivetti La Spinetta ""Vigneto Campè"" Barolo 6-Pack in OWC (Special Order) (Pre-Arrival)",$950.00,Sp O,
10/12/2024 12:31 AM,1773668,2000,"Domaine de Chevalier Rouge, Pessac-Léognan (1.5L) 6-Pack in OWC (Special Order) (Pre-Arrival)","$2,150.00",Sp O,
10/12/2024 12:31 AM,1752299,2008,"M. Chapoutier ""L'Ermite"" Ermitage 6-Pack in OWC (Special Order) (Pre-Arrival)","$1,450.00",Sp O,
10/12/2024 12:31 AM,1773669,2000,"Talbot, St-Julien (1.5L) 6-Pack in OWC (Special Order) (Pre-Arrival)","$2,150.00",Sp O,
10/12/2024 12:31 AM,1635839,2018,"Domaine Georges Mugneret-Gibourg Nuits-St-Georges 1er Cru ""Les Chaignots"" 6-Pack (Special Order) (Pre-Arrival)","$2,395.00",Sp O,
10/12/2024 12:31 AM,1470301,2012,Biondi Santi Brunello di Montalcino Riserva 3-Pack in OWC (Special Order) (Pre-Arrival),"$1,475.00",Sp O,
10/12/2024 12:31 AM,1410183,2003,"Margaux, Margaux 6-Pack in OWC (Special Order) (Pre-Arrival)","$3,995.00",Sp O,
10/12/2024 12:16 AM,1787907,2004,"Dom Pérignon ""P2"" Brut Champagne (Special Order) (Pre-Arrival)",$465.00,Sp O,
10/12/2024 12:16 AM,1787901,2008,"M. Chapoutier ""L'Ermite Blanc"" Ermitage 6-Pack in OWC (Special Order) (Pre-Arrival)","$1,395.00",Sp O,
10/12/2024 12:16 AM,1787902,2019,"Cos d'Estournel Blanc, Bordeaux 6-Pack in OWC (Special Order) (Pre-Arrival)","$1,075.00",Sp O,
10/12/2024 12:16 AM,1787903,2019,Domaine Joseph Drouhin Clos de Vougeot Grand Cru 6-Pack (Special Order) (Pre-Arrival),"$1,695.00",Sp O,
10/12/2024 12:16 AM,1787904,2017,Domaine Faiveley Clos de la Roche Grand Cru 6-Pack (Special Order) (Pre-Arrival),"$1,550.00",Sp O,
10/12/2024 12:16 AM,1787905,2019,"La Mission Haut-Brion Blanc, Pessac-Léognan 6-Pack in OWC (Special Order) (Pre-Arrival)","$3,995.00",Sp O,
10/12/2024 12:16 AM,1787906,2018,Domaine Rossignol-Trapet Chapelle-Chambertin Grand Cru 3-Pack (Special Order) (Pre-Arrival),$650.00,Sp O,
10/11/2024 11:01 PM,1787245,,"Rare Character 8 Year Old ""Quinta Do"" K&L Exclusive Barrel #WPB-16 Cask Strength Indiana Bourbon Whiskey (750ml)",$109.99,> 48,6
10/11/2024 10:31 PM,1337082,,"Jos A. Magnus & Co. ""Cigar Blend"" Straight Bourbon Whiskey (750ml)",$179.99,Sold Out,1
10/11/2024 10:31 PM,1409742,,"Alpine Beer Company ""Duet"" IPA, California (12oz can)",$2.29,> 60,
10/11/2024 10:31 PM,1486031,,"AleSmith IPA, California (16oz can) (Previously $3.19)",$3.29,24,
10/11/2024 10:31 PM,1787542,2008,"Cascina Baricchi ""Quindicianni"" Barbaresco Riserva",$169.99,6,
10/11/2024 10:31 PM,1738726,1994,"Macallan 28 Year Old ""Samaroli Magnifico"" Speyside Single Malt Scotch Whisky (700ml) (Special Order) (Previously 10000)","$5,500.00",Sp O,
10/11/2024 10:31 PM,1378325,,"Alpine Beer Company ""Nelson"" IPA, California (12oz)",$2.29,41,
10/11/2024 10:31 PM,1778716,2018,"Akkeshi 3 Year Old ""Adelphi"" Single First Fill Bourbon Barrel #1001 Cask Strength Single Malt Scotch Whisky (700ml)",$154.99,12,
10/11/2024 10:31 PM,1049591,,"Dogfish Head ""90 Minute"" IPA, Delaware (12 oz)",$2.49,55,
10/11/2024 10:16 PM,1399979,,"Brouwerij Drie Fonteinen ""Hommage"" Lambic, Belgium (750ml)",$59.99,6,
10/11/2024 10:16 PM,1787173,2021,"Hundred Suns ""River Rock Vineyard"" The Rocks District Syrah",$44.95,17,
10/11/2024 10:01 PM,1722214,2022,"Château de la Maltroye Chassagne-Montrachet 1er Cru ""Les Grandes Ruchottes""",$169.99,2,
10/11/2024 10:01 PM,1750102,2022,Jean Foillard Beaujolais-Villages,$25.99,12,
10/11/2024 10:01 PM,1730061,2017,"Nivarius ""La Nevera"" Maturana Blanca Rioja",$37.99,18,
10/11/2024 10:01 PM,1783873,2022,"Domaine de l'Arlot Nuits-St-Georges 1er Cru ""Clos des Forêts-St-Georges""",$169.99,16,
10/11/2024 10:01 PM,1334116,2015,"Domaine du Vieux Télégraphe ""La Crau"" Châteauneuf-du-Pape",$139.99,12,
10/11/2024 10:01 PM,1211934,2012,"Domaine du Vieux Télégraphe ""La Crau"" Châteauneuf-du-Pape",$149.99,12,
10/11/2024 10:01 PM,1705168,2009,Dominus Napa Valley Bordeaux Blend 6-Pack in OWC (Winery Direct Library Release),"$2,095.00",2,
10/11/2024 9:46 PM,1783189,2021,"Stolo ""Estate - Hillside Reserve"" SLO Coast Syrah (Elsewhere $70)",Hidden,> 100,
10/11/2024 9:46 PM,1784744,2022,"Scythian Wine Co. ""Scynthian Red"" Cucamonga Valley Red Blend",$19.95,> 100,
10/11/2024 9:31 PM,1777309,2022,Domaine Hudelot-Noëllat Chambolle-Musigny,$159.99,8,
10/11/2024 9:15 PM,1787568,,"Wild Turkey 8 Year Old ""Jimmy's 70th Anniversary"" Kentucky Straight Bourbon Whiskey (750ml)",$59.99,Sold Out,1
10/11/2024 9:15 PM,1787893,2008,Domaine Tempier Bandol (1.5L),$74.99,Sold Out,
10/11/2024 9:15 PM,1504350,,Tepozán Añejo Tequila (750ml),$59.99,4,
10/11/2024 9:15 PM,1054456,,Barbancourt Estate Reserve 15 Year Old Haitian Rum (750ml),$49.99,12,
10/11/2024 9:15 PM,1367822,,Lalocura Tobasiche-Espadin Destilado De Agave (750ml),$149.99,6,
10/11/2024 8:45 PM,1783303,,"Cellador Ales ""Dry-Hopped Saison"", California (16oz can)",$6.99,17,
10/11/2024 8:45 PM,1783302,,"Cellador Ales ""Seatbelt Basalt"" Wild Ale w/ Blueberrries, Peaches, Lavender + Vanilla, California (16oz)",$7.99,18,
10/11/2024 8:45 PM,1785185,2022,Domaine Francois Raveneau Petit Chablis (1.5L),$299.99,Sold Out,
10/11/2024 8:45 PM,1570807,2018,"Beaulieu Vineyard ""Georges de Latour - Private Reserve"" Rutherford Cabernet Sauvignon",$139.95,> 48,
10/11/2024 8:45 PM,1787778,2023,"Ghost Block ""Estate - Morgaen Lee Vineyard"" Yountville Sauvignon Blanc",$24.95,24,
10/11/2024 8:15 PM,1785205,2023,"Quinta da Raza ""Raza Pet-Nat"" Portugal",$19.99,12,
10/11/2024 8:15 PM,1783881,2020,Borgogno 'Derthona' Timorasso Colli Tortonesi DOC,$39.99,12,
10/11/2024 7:45 PM,1707045,2022,Joh. Jos. Prüm Wehlener Sonnenuhr Riesling Kabinett Mosel,$72.99,1,
10/11/2024 7:00 PM,1372774,,"Almanac Beer Company ""Love"" Hazy IPA, California (16oz cans)",$4.59,59,
10/11/2024 7:00 PM,1787507,2022,"Maison William Fèvre Chablis ""Champs Royaux""",$36.99,> 60,
10/11/2024 6:45 PM,1786636,2023,Martin Ray Sonoma - Monterey Rosé of Pinot Noir,$14.95,60,
10/11/2024 6:00 PM,1765624,,"Temescal Brewing Hazy IPA, California (16oz cans)",$5.49,5,
10/11/2024 5:14 PM,1728861,2022,Kistler Sonoma Mountain Chardonnay,$89.95,10,
10/11/2024 5:14 PM,1787777,2022,Olema (Amici Cellars) California Chardonnay,$13.95,> 60,
10/11/2024 5:14 PM,1746577,2021,"Ghost Block ""Estate"" Oakville Cabernet Sauvignon",$74.95,24,
10/11/2024 5:14 PM,1783854,2021,"Figgins ""Figlia"" Walla Walla Valley Bordeaux Blend",$64.95,36,
10/11/2024 4:59 PM,1533034,,"Weihenstephaner Hefe Weissbier, Germany (500ml can)",$2.89,39,
10/11/2024 4:44 PM,1547664,2020,"Les Carmes Haut-Brion, Pessac-Léognan 6-Pack in OWC (Pre-Arrival)",$895.00,4,
10/11/2024 4:44 PM,1066895,2010,"Domaine de Chevalier Rouge, Pessac-Léognan (Pre-Arrival)",$119.99,> 36,
10/11/2024 4:44 PM,1299284,2016,"Lynch-Bages, Pauillac (Pre-Arrival, Elsewhere $200)",$159.99,Sold Out,
10/11/2024 4:44 PM,1539504,2020,"Domaine de Chevalier Rouge, Pessac-Léognan (Pre-Arrival)",$69.99,> 60,
10/11/2024 4:44 PM,1066909,2010,"Duhart-Milon, Pauillac (Pre-Arrival)",$119.99,22,
10/11/2024 4:44 PM,1787779,2020,"Domaine de Chevalier Rouge, Pessac-Léognan (1.5L) (Pre-Arrival)",$139.99,12,
10/11/2024 4:44 PM,1299426,2016,"Prieuré-Lichine, Margaux (Pre-Arrival)",$49.99,> 60,
10/11/2024 4:44 PM,1545305,2020,"Domaine de Chevalier Rouge, Pessac-Léognan 6-Pack in OWC (Pre-Arrival)",$415.00,10,
10/11/2024 4:44 PM,1351815,2016,"Domaine du Vieux Telegraphe ""La Crau"" Châteauneuf-du-Pape (Pre-Arrival)",$79.99,12,
10/11/2024 4:44 PM,1700466,,"El Gran Legado De Vida ""Still Strength"" High Proof Artesanal Blanco Tequila (750ml)",$79.99,8,
10/11/2024 4:44 PM,1786637,2023,"Angeline ""Reserve"" California Sauvignon Blanc",$9.95,> 60,
10/11/2024 4:44 PM,1512178,2019,Château de Beaucastel Châteauneuf-du-Pape (Pre-Arrival),$89.99,32,
10/11/2024 4:44 PM,1352012,2016,"Domaine de la Janasse ""Chaupin"" Châteauneuf-du-Pape (Pre-Arrival)",$89.99,12,
10/11/2024 4:44 PM,1787244,,Perro Verde Tobasiche Oaxacan Mezcal (750ml),$299.99,6,
10/11/2024 4:44 PM,1743902,,"Bardstown Bourbon Company ""Collaborative Series - Amrut"" Indian Single Malt Barrel Finished American Whiskey (750ml)",$149.99,4,
10/11/2024 4:44 PM,1066905,2010,"Ducru-Beaucaillou, St-Julien (Pre-Arrival)",$299.99,36,
10/11/2024 4:44 PM,1151118,1990,d'Yquem Sauternes (Pre-Arrival),$499.99,12,
10/11/2024 4:44 PM,1157811,1989,d'Yquem Sauternes (Pre-Arrival),$499.99,11,
10/11/2024 4:44 PM,1787571,,"Bardstown Bourbon Company ""Collaborative Series - Silver Oak"" Napa Cabernet Barrel Finished American Whiskey (750ml)",$149.99,10,
10/11/2024 4:44 PM,1385880,,Sagamore Spirit Straight Maryland Rye Whiskey (750ml),$34.99,23,
10/11/2024 4:44 PM,1787243,,Perro Verde Espadin + Tobasiche Oaxacan Mezcal (750ml),$119.99,6,
10/11/2024 4:44 PM,1787242,,Perro Verde Espadin Oaxacan Mezcal (750ml),$59.99,6,
10/11/2024 4:44 PM,1787229,,"Don Vicente ""High Proof"" Blanco Tequila (750ml)",$79.99,4,
10/11/2024 4:44 PM,1527878,,The Busker Single Pot Irish Whiskey (750ml),$29.99,6,
10/11/2024 4:44 PM,1770366,,"General Gorostieta ""NOM 1579"" (Fall 2024 Allocation) High Proof Blanco Tequila (750ml)",$79.99,Sold Out,
10/11/2024 4:14 PM,1645560,,Blanton's Straight From The Barrel Single Barrel Kentucky Straight Bourbon (700ml)(European Import),$195.00,> 36,
10/11/2024 3:29 PM,1067140,2010,"Mouton Rothschild, Pauillac (Special Order) (Pre-Arrival)",$799.99,Sp O,
10/11/2024 2:14 PM,1787236,,"Westward ""Cask Strength"" American Single Malt Whiskey (750ml)",$79.99,6,
10/11/2024 1:59 PM,1319921,2013,"Burgess ""Estate"" Napa Valley Cabernet Sauvignon",$49.99,1,
10/11/2024 1:59 PM,1535023,2017,Ovid Napa Valley Bordeaux Blend,$239.99,2,
10/11/2024 1:59 PM,1651778,2020,Kosta Browne Beaune 1er Cru Pinot Noir,$129.99,1,
10/11/2024 1:59 PM,1440411,2016,Opus One Napa Valley Bordeaux Blend,$399.99,8,
10/11/2024 1:59 PM,1112130,2009,"Joseph Phelps ""Insignia"" Napa Valley Bordeaux Blend",$249.99,1,
10/11/2024 1:59 PM,1509244,2017,Cardinale Napa Valley Cabernet Sauvignon,$249.99,2,
10/11/2024 1:59 PM,1723905,2002,Krug Brut Champagne,$599.99,2,
10/11/2024 1:59 PM,1352760,2012,Promontory Napa Valley Bordeaux Blend,$799.99,1,
10/11/2024 1:59 PM,1069231,2007,Lokoya Spring Mountain District Cabernet Sauvignon,$299.99,1,
10/11/2024 1:59 PM,1512423,2016,"Joseph Phelps ""Backus"" Oakville Cabernet Sauvignon",$239.99,1,
10/11/2024 1:59 PM,1582193,2016,Promontory Napa Valley Bordeaux Blend,$949.99,1,
10/11/2024 1:59 PM,1785085,1982,Neyers Napa Valley Cabernet Sauvignon,$49.99,Sold Out,
10/11/2024 1:59 PM,1785086,1980,Neyers Napa Valley Cabernet Sauvignon,$49.99,Sold Out,
10/11/2024 1:59 PM,900070,1980,"Sterling ""Reserve"" Napa Valley Cabernet Sauvignon",$49.99,Sold Out,
10/11/2024 1:59 PM,1713726,2012,"Joseph Phelps ""Backus"" Oakville Cabernet Sauvignon (scuffed, nicked label)",$219.99,1,
10/11/2024 1:59 PM,1575833,2016,Skipstone Oliver's Blend,$109.99,2,
10/11/2024 1:59 PM,1571907,2018,"Joseph Phelps ""Backus Vineyard"" Oakville Cabernet Sauvignon",$249.99,1,
10/11/2024 1:59 PM,1786077,2013,Promontory Napa Valley Bordeaux Blend (nicked label),$699.99,1,
10/11/2024 1:59 PM,1781990,2009,"Tenuta di Trinoro ""Le Cupole"" Toscana",$39.99,Sold Out,
10/11/2024 1:59 PM,1170683,2005,"Roûmieu-Lacoste, Sauternes ""Cuvée Léon"" (375ml)",$39.99,1,
10/11/2024 1:59 PM,1787560,2012,"Roûmieu-Lacoste, Sauternes (375ml)",$29.99,1,
10/11/2024 1:59 PM,1477744,2017,"Ovid ""Hexameter"" Napa Valley Bordeaux Blend",$259.99,1,
10/11/2024 1:59 PM,901953,1990,"Robert Mondavi ""Reserve"" Napa Valley Cabernet Sauvignon (375ml)",$69.99,Sold Out,
10/11/2024 1:59 PM,1785756,1976,Carl Jos. Hoch Dalsheimer Burg Rodenstein Beerenauslese #14 (375ml),$69.99,1,
10/11/2024 1:59 PM,1785759,1994,Domaine Louis Latour Corton-Charlemagne Grand Cru (375ml),$59.99,Sold Out,
10/11/2024 1:59 PM,1125927,2000,"Rauzan-Gassies, Margaux (375ml)",$49.99,Sold Out,
10/11/2024 1:59 PM,1781995,1987,"Penfolds ""Bin 389"" Cabernet-Shiraz South Australia",$49.99,Sold Out,
10/11/2024 1:59 PM,1781991,1978,"Talbot, St-Julien (375ml)",$49.99,1,
10/11/2024 1:59 PM,1125228,2010,"Passopisciaro ""Passopisciaro"" Sicily",$49.99,Sold Out,
10/11/2024 1:59 PM,1080671,1983,"La Lagune, Haut-Médoc",$89.99,1,
10/11/2024 1:59 PM,1141010,1982,"Yon Figeac, St-Emilion",$89.99,1,
10/11/2024 1:59 PM,945087,1991,"Ridge Vineyards ""Geyserville"" Sonoma County Red Blend",$89.99,1,
10/11/2024 1:59 PM,1786076,2016,Promontory Napa Valley Bordeaux Blend (nicked label),$899.99,1,
10/11/2024 1:59 PM,1550022,2013,"Joseph Phelps ""Backus"" Oakville Cabernet Sauvignon (torn label)",$239.99,Sold Out,
10/11/2024 1:59 PM,110435,1996,"Cantemerle, Haut-Médoc",$79.99,Sold Out,
10/11/2024 1:59 PM,1785757,1995,"Domaine Comte Armand Pommard 1er Cru ""Clos des  Epeneaux"" (375ml)",$74.99,Sold Out,
10/11/2024 1:59 PM,1023382,1990,"Kalin Cellars ""Cuvée DD"" Sonoma County Pinot Noir",$99.99,Sold Out,
10/11/2024 1:59 PM,1785758,1985,"Domaine Louis Jadot Beaune 1er Cru ""Clos des Ursules""",$99.99,Sold Out,
10/11/2024 1:59 PM,1095946,2006,"Pauillac de Latour, Pauillac",$99.99,1,
10/11/2024 1:59 PM,1271057,2013,"Joseph Phelps ""Insignia"" Napa Valley Bordeaux Blend",$289.99,Sold Out,
10/11/2024 1:59 PM,1377506,2015,"Joseph Phelps ""Insignia"" Napa Valley Cabernet Sauvignon",$269.99,Sold Out,
10/11/2024 1:59 PM,1564543,2018,"Ovid ""Hexameter"" Napa Valley Bordeaux Blend",$259.99,Sold Out,
10/11/2024 1:59 PM,1220473,2012,"Joseph Phelps ""Insignia"" Napa Valley Bordeaux Blend",$249.99,Sold Out,
10/11/2024 5:42 AM,1674337,,Mayenda Blanco 100% Agave Azul Tequila (750ml) (Elsewhere 70),$49.99,5,
10/11/2024 12:26 AM,1067136,2010,"Montrose, St-Estèphe (Special Order) (Pre-Arrival)",$269.99,Sp O,
10/10/2024 11:56 PM,1677826,2021,"DuMol ""Ryan"" (Jentoft / Widdoes) Russian River Valley Pinot Noir",$99.95,15,
10/10/2024 11:41 PM,1779749,2021,"Barone Ricasoli ""Colledilà"" Chianti Classico Gran Selezione (Pre-Arrival)",$89.99,2,
10/10/2024 10:55 PM,1770572,2016,Castello Fonterutoli Chianti Classico Gran Selezione (Elsewhere $60),$34.99,> 100,
10/10/2024 10:40 PM,1576403,1974,"Dictador 44 Year Old ""2 Masters - Glenfarclas"" Sherry Finished Colombian Rum (750ml) (Special Order)","$1,899.99",Sp O,
10/10/2024 9:40 PM,1786921,,"Compass Box ""Crimson Casks"" Blended Scotch Malt Whisky (750ml)",$69.99,1,
10/10/2024 9:40 PM,1786920,,"Compass Box ""Nectarosity"" Blended Scotch Malt Whisky (750ml)",$59.99,Sold Out,
10/10/2024 9:25 PM,1393229,2002,"Louis Roederer ""Cristal"" Brut Champagne (Direct from Roederer 2024)",$479.99,10,
10/10/2024 9:25 PM,1746402,2021,"Walter Scott ""Cuvée Lucille"" Willamette Valley Chardonnay",$124.95,12,
10/10/2024 9:25 PM,1787225,,"Temescal Brewing Mosaic Hazy IPA, California (16oz cans)",$5.99,28,
10/10/2024 9:25 PM,1691888,2021,"Shafer ""TD-9"" Napa Valley Cabernet Sauvignon",$74.95,24,
10/10/2024 9:25 PM,1761002,,"Cellarmaker Brewing Company ""Juice Kiosk"" Hazy IPA, California (16oz. can)",$5.49,23,
10/10/2024 9:25 PM,1786661,2021,Liberty School (Austin Hope) Paso Robles Cabernet Sauvignon,$15.95,12,
10/10/2024 9:25 PM,1660616,2008,"Louis Roederer ""Cristal"" Brut Champagne (direct from Roederer 2024)",$449.99,10,
10/10/2024 9:25 PM,1787486,2021,"Beaulieu Vineyard ""Georges de Latour - Private Reserve"" Napa Valley Cabernet Sauvignon",$159.95,23,
10/10/2024 9:25 PM,1465972,2017,Chateau Montelena Napa Valley Chardonnay (Winery Direct Library Release),$89.95,6,
10/10/2024 9:25 PM,1783272,2021,"Plumpjack ""Estate"" Oakville Cabernet Sauvignon",$179.95,6,
10/10/2024 9:25 PM,1147316,,"Taittinger ""La Francaise"" Brut Champagne Jeroboam (3L)",$299.99,6,
10/10/2024 9:25 PM,1787495,2022,"Substance ""Cs"" Washington Cabernet Sauvignon",$16.95,36,
10/10/2024 9:25 PM,1780997,,"Cellarmaker Brewing Company ""Nelson Galaxy"" Hazy IPA, California (16oz. can)",$5.49,Sold Out,
10/10/2024 9:10 PM,1786634,2023,"Martin Ray ""Concrete"" Russian River Valley Chardonnay",$19.95,60,
10/10/2024 9:10 PM,1616281,2020,"Chronic Cellars ""Sir Real"" Paso Robles Cabernet Sauvignon",$14.95,10,
10/10/2024 9:10 PM,1786635,2023,Martin Ray Sonoma Coast Chardonnay,$14.95,> 100,
10/10/2024 9:10 PM,1786631,,Sunny With a Chance of Flowers Monterey County Chardonnay,$10.95,72,
10/10/2024 9:10 PM,1786632,,Sunny With a Chance of Flowers Monterey County Sauvignon Blanc,$10.95,72,
10/10/2024 9:10 PM,1786633,,Sunny With a Chance of Flowers Monterey County Pinot Noir,$10.95,72,
10/10/2024 9:10 PM,1786088,2018,Dow's Late Bottled Vintage Port,$24.99,7,
10/10/2024 9:10 PM,1579875,,Piper Sonoma Blanc de Blanc Sonoma County Brut Sparkling Wine,$19.95,24,
10/10/2024 9:10 PM,1786660,2023,Au Bon Climat Santa Barbara County Chardonnay,$22.95,60,
10/10/2024 9:10 PM,1786638,2023,Angeline California Chardonnay,$9.95,> 60,
10/10/2024 9:10 PM,1786640,2021,Bien Nacido Estate Santa Maria Valley Pinot Noir,$79.95,6,
10/10/2024 9:10 PM,1786639,2021,Bien Nacido Estate Santa Maria Valley Syrah,$64.95,6,
10/10/2024 8:10 PM,1505526,2005,"Balblair ""1st Release"" Vintage Highland Single Malt Scotch Whisky (750ml ships as 1.5L) (Elsewhere $80)",Hidden,Sold Out,
10/10/2024 8:10 PM,1784811,,"Scarlet ""Cask Marriage"" Bitter Liqueur (700ml)",$64.99,11,
10/10/2024 8:10 PM,1784810,,"Scarlet ""Radice"" Amaro (700ml)",$64.99,10,
10/10/2024 8:10 PM,1786916,,Hedonista de la Fe Wild Tepextate (A. Mamorata) Santiago Matatlan Oaxacan Mezcal (750ml),$209.99,6,
10/10/2024 7:55 PM,1707016,2014,Holdredge Russian River Valley Pinot Noir,$39.99,1,
10/10/2024 7:55 PM,1230725,2013,"Schrader ""LPV - Beckstoffer Las Piedras"" Napa Valley Cabernet Sauvignon",$259.99,1,
10/10/2024 7:55 PM,1451142,2015,"Frank Family ""Reserve"" Rutherford Cabernet Sauvignon",$74.99,5,
10/10/2024 7:55 PM,1438146,2009,Etude Rutherford Cabernet Sauvignon,$89.99,3,
10/10/2024 7:55 PM,1201905,2012,Aston Sonoma Coast Pinot Noir,$64.99,4,
10/10/2024 7:55 PM,997068,1999,Frog's Leap Napa Cabernet Sauvignon,$59.99,2,
10/10/2024 7:55 PM,1760052,2014,Eisele Vineyard Napa Valley Cabernet Sauvignon (lightly bin-soiled label),$359.99,1,
10/10/2024 7:55 PM,1093097,2004,"Joseph Swan ""Trenton Estate,"" Russian River Valley Pinot Noir",$44.99,Sold Out,
10/10/2024 7:55 PM,1224786,2010,Michel Rolland Napa Valley Cabernet Sauvignon,$99.99,Sold Out,
10/10/2024 7:55 PM,1065146,2006,"Sine Qua Non ""A Shot in the Dark"" Sta. Rita Hills Syrah",$799.99,1,
10/10/2024 7:55 PM,1074878,2005,Quilceda Creek Columbia Valley Cabernet Sauvignon (1.5L),$459.99,Sold Out,
10/10/2024 7:55 PM,1256552,2013,"Stag's Leap Wine Cellars ""Cask 23"" Napa Valley Cabernet Sauvignon",$249.99,Sold Out,
10/10/2024 7:55 PM,1092368,2009,"Justin ""Isosceles"" Paso Robles Bordeaux Blend",$69.99,Sold Out,
10/10/2024 7:55 PM,1091263,2007,Dunn Napa Valley Cabernet Sauvignon (1.5L),$249.99,Sold Out,
10/10/2024 7:55 PM,1778462,2014,"Bouchaine ""Estate - Swan"" Carneros Pinot Noir",$49.99,1,
10/10/2024 7:55 PM,1771534,2008,"Cambria ""Julia's Vineyard"" Santa Maria Valley Pinot Noir (3L)",$59.99,Sold Out,
10/10/2024 7:55 PM,1782397,2015,Buena Vista Carneros Pinot Noir,$14.99,1,
10/10/2024 7:55 PM,1038530,2005,"Domaine Serene ""Evenstad Reserve"" Willamette Valley Pinot Noir",$69.99,1,
10/10/2024 7:55 PM,1623241,2009,"Ridge Vineyards ""Monte Bello"" Santa Cruz Mountains Cabernet Sauvignon (stained labels)",$299.99,Sold Out,
10/10/2024 7:55 PM,1162679,2008,"Williams Selyem ""Vista Verde Vineyard"" San Benito County Port (375ml)",$49.99,Sold Out,
10/10/2024 7:55 PM,1071889,2007,"Joseph Swan ""Trenton Estate"" Russian River Valley Pinot Noir",$49.99,1,
10/10/2024 7:29 PM,1787555,2022,"I Vigneri Di Salvo Foti ""Vinupetra"" Etna Rosso (Pre-Arrival)",$64.99,36,
10/10/2024 7:29 PM,1787550,2023,"I Vigneri Di Salvo Foti ""Aurora"" Etna Bianco (Pre-Arrival)",$34.99,> 36,
10/10/2024 7:29 PM,1787551,2023,"I Vigneri Di Salvo Foti ""I Vigneri"" Etna Rosso (Pre-Arrival)",$34.99,> 36,
10/10/2024 7:29 PM,1787554,2022,"I Vigneri Di Salvo Foti ""Vignadimilo"" Etna Bianco (Pre-Arrival)",$54.99,35,
10/10/2024 7:29 PM,1787552,2023,"I Vigneri Di Salvo Foti ""Vinudilice"" Etna Rosato (Pre-Arrival)",$44.99,24,
10/10/2024 7:29 PM,1787556,2021,"I Vigneri Di Salvo Foti ""Vinupetra Viti Centenarie"" Etna Rosso (Pre-Arrival)",$139.99,6,
10/10/2024 7:29 PM,1787557,2021,"I Vigneri Di Salvo Foti ""Palmento Caselle"" Etna Bianco (Pre-Arrival)",$139.99,6,
10/10/2024 6:13 PM,1710274,2018,"Sugrue Pierre ""The Trouble With Dreams"" Brut Cuvée South Downs English Sparkling Wine",$59.95,36,
10/10/2024 6:13 PM,1787168,2022,"Roar ""Soberanes Vineyard"" Santa Lucia Highlands Pinot Noir",$74.95,24,
10/10/2024 6:13 PM,1741893,2021,"Maldonado ""Los Olivos Vineyard"" Napa Valley Chardonnay",$32.95,24,
10/10/2024 6:13 PM,1760602,2022,"Maldonado ""Farm Worker"" Napa Valley Chardonnay",$21.95,36,
10/10/2024 6:13 PM,1716838,2021,"Turnbull ""Reserve"" Oakville Cabernet Sauvignon",$99.95,18,
10/10/2024 6:13 PM,1787171,2022,"Luli ""Lemoravo Vineyard"" Santa Lucia Highlands Pinot Noir",$36.95,24,
10/10/2024 6:13 PM,1787167,2022,"Roar ""Rosella's Vineyard"" Santa Lucia Highlands Pinot Noir",$74.95,36,
10/10/2024 6:13 PM,1787169,2022,"Roar ""Rosella's Vineyard"" Santa Lucia Highlands Chardonnay",$59.95,18,
10/10/2024 5:58 PM,1387606,,McKenzie Bottled in Bond Wheated Bourbon Whiskey (750ml),$54.99,23,
10/10/2024 5:58 PM,1206725,2012,"Ridge Vineyards ""Monte Bello"" Santa Cruz Mountains Cabernet Sauvignon",$299.99,1,
10/10/2024 5:58 PM,1786922,,"El Dorado ""LBI/DHE"" High Ester Demerara Guyana Rum (750ml)",$119.99,20,
10/10/2024 5:13 PM,1736111,2022,"Domaine Jean-Paul & Benoît Droin Chablis 1er Cru ""Vaulorent""",$64.99,Sold Out,
10/10/2024 5:13 PM,1736108,2022,"Domaine Jean-Paul & Benoît Droin Chablis 1er Cru ""Mont de Milieu""",$59.99,Sold Out,
10/10/2024 5:13 PM,1774552,2022,"Domaine Fontaine-Gagnard Chassagne-Montrachet 1er Cru ""Morgeot""",$89.99,Sold Out,
10/10/2024 4:58 PM,1760601,2019,Kamen Estate Moon Mountain Cabernet Sauvignon,$119.95,9,
10/10/2024 4:43 PM,1787511,2017,Giuseppe Quintarelli Valpolicella Classico Superiore (Pre-Arrival),$109.99,18,
10/10/2024 4:28 PM,1781376,2022,"Patricia Green ""Freedom Hill Vineyard"" Mt. Pisgah Pinot Noir (Elsewhere $50)",Hidden,> 60,
10/10/2024 4:13 PM,1787506,2015,Calabretta Nerello Mascalese Vigne Vecchie Etna (Special Order),$29.99,Sp O,
10/10/2024 3:58 PM,1662065,,Wild Turkey 12 Year Old 101 proof Kentucky Straight Bourbon Whiskey (Japanese Export) (700ml),$200.00,12,
10/10/2024 3:28 PM,1066877,2010,"d'Yquem, Sauternes (375ml) (Special Order) (Pre-Arrival)",$239.99,Sp O,
10/10/2024 3:28 PM,1783913,2022,"Girolamo Russo ""Nerina"" Etna Bianco",$46.99,12,
10/10/2024 3:28 PM,1783916,2020,"Girolamo Russo ""San Lorenzo"" Etna Rosso",$76.99,12,
10/10/2024 3:12 PM,1783905,2021,Ciro Picariello '906'  Fiano di Avellino,$38.99,12,
10/10/2024 3:12 PM,1783904,2022,Ciro Picariello Greco di Tufo,$25.99,11,
10/10/2024 3:12 PM,1783912,2021,"Girolamo Russo ""a Rina"" Etna Rosso",$36.99,12,
10/10/2024 3:12 PM,1783906,2022,Ciro Picariello Fiano Irpinia,$23.99,11,
10/10/2024 1:27 PM,1698559,2022,Domaine Jean-Marc Brocard Petit Chablis,$24.99,11,
10/10/2024 1:25 AM,1077473,2001,"López de Heredia ""Viña Tondonia"" Reserva Rioja",$79.99,Sold Out,
10/10/2024 12:55 AM,1768674,2021,"Linne Calodo ""Sticks & Stones"" Paso Robles Rhone Blend",$89.99,Sold Out,
10/10/2024 12:55 AM,1635402,2018,"Linne Calodo ""Sticks & Stones"" Paso Robles Rhone Blend",$89.99,Sold Out,
10/10/2024 12:55 AM,1635403,2019,"Linne Calodo ""Sticks & Stones"" Paso Robles Rhone Blend",$89.99,Sold Out,
10/10/2024 12:55 AM,1768673,2020,"Linne Calodo ""Sticks & Stones"" Paso Robles Rhone Blend",$89.99,Sold Out,
10/10/2024 12:55 AM,1409463,2017,"Linne Calodo ""Sticks & Stones"" Paso Robles Rhone Blend",$89.95,Sold Out,
10/10/2024 12:25 AM,1771200,2014,Castellucci Spring Mountain Cabernet Sauvignon (Elsewhere $200),Hidden,Sold Out,
10/9/2024 11:09 PM,1688074,2015,"Alexandre Le Brun ""Cuvée Dilection"" Brut Rosé Champagne (Previously $80)",Hidden,Sold Out,
10/9/2024 11:09 PM,1662357,,Kujira Ryukyu 15 Year Old Japanese Whisky (700ml),$179.99,6,
10/9/2024 10:54 PM,1344209,,"Gilbert Jacquesson ""Cuvée Prestige"" Brut Champagne",$39.99,> 36,
10/9/2024 10:54 PM,1683315,,"Launois ""Oeil de Perdrix"" Brut Champagne",$49.99,> 48,
10/9/2024 10:54 PM,1311526,,"Gilbert Jacquesson ""Cuvée Eugénie"" Brut Rosé Champagne",$32.99,> 36,
10/9/2024 10:54 PM,1776137,2019,Gilbert Jacquesson Vintage Brut Champagne,$49.99,> 36,
10/9/2024 10:54 PM,1785157,2023,Domaine des Amoureux Muscadet Sèvre et Maine Sur Lie,$11.99,> 60,
10/9/2024 10:54 PM,1311524,,"Gilbert Jacquesson ""Cuvée Tradition"" Blanc de Noirs Brut Champagne",$26.99,> 36,
10/9/2024 10:54 PM,1612445,,Gilbert Jacquesson Brut Blanc de Blancs Champagne,$34.99,> 36,
10/9/2024 10:54 PM,1778069,2022,Domaine de Fondrèche Ventoux Rouge,$17.99,> 60,
10/9/2024 10:54 PM,1358582,,"Gilbert Jacquesson ""Cuvée Selection"" Brut Champagne Jeroboam (3L)",$199.99,10,
10/9/2024 10:54 PM,1778070,2023,Domaine de Fondrèche Ventoux Rosé,$16.99,> 60,
10/9/2024 10:54 PM,1751361,,"Dérot-Delugny ""Retour en Avant"" Brut",$49.99,> 48,
10/9/2024 10:54 PM,1778077,2022,"Domaine Dugois ""Terre de Marne"" Chardonnay Arbois",$19.99,60,
10/9/2024 10:54 PM,1778075,2022,"Domaine Dugois ""La Sombarde"" Ploussard Arbois Rouge",$19.99,> 60,
10/9/2024 10:54 PM,1751358,,"Dérot-Delugny ""Milieu Naturel"" Blanc de Noirs Brut",$34.99,> 48,
10/9/2024 10:54 PM,1778072,2016,Domaine Dugois Vin Jaune Arbois (620ml),$44.99,> 60,
10/9/2024 10:54 PM,1471370,,"Gilbert Jacquesson ""Cuvée Selection"" Brut Champagne (1.5L)",$69.99,> 36,
10/9/2024 10:54 PM,1751359,,"Dérot-Delugny ""Hors Pair"" Blanc de Blancs Brut",$39.99,> 48,
10/9/2024 10:54 PM,1778071,2023,Domaine de Fondrèche Ventoux Blanc,$16.99,> 60,
10/9/2024 10:54 PM,1785158,2018,Domaine des Amoureux Muscadet Sèvre et Maine Clisson,$17.99,60,
10/9/2024 10:54 PM,1772073,2023,"Mas de Libian ""Bout d'Zan"" Côtes-du-Rhône",$14.99,> 60,
10/9/2024 10:54 PM,1778074,2021,"Domaine Dugois ""En Grevellière"" Trousseau Arbois Rouge",$19.99,57,
10/9/2024 10:54 PM,1751362,,"Dérot-Delugny ""Bissextile"" Brut Rosé",$39.99,> 48,
10/9/2024 10:54 PM,1424264,,Damien Hugot Extra Brut Blanc de Blancs Grand Cru,$39.99,> 48,
10/9/2024 10:54 PM,1778073,2019,Domaine Dugois Savagnin Arbois (Sous Voile),$24.99,> 60,
10/9/2024 10:54 PM,1328729,,Miquel Pons Cava Brut Penedes,$11.99,77,
10/9/2024 10:24 PM,1770606,,"Shenk's Homestead ""2024 Release"" Kentucky Sour Mash Whiskey (750ml)",$139.99,Sold Out,1
10/9/2024 10:24 PM,1770605,,"Bomberger's Declaration ""2024  Release"" Kentucky Straight Bourbon Whiskey (750ml)",$149.99,Sold Out,1
10/9/2024 9:54 PM,1786888,2023,Viñatigo Negramoll Tenerife,$39.99,35,
10/9/2024 9:54 PM,1772039,2019,Quinta de Saes Tinto Dão,$19.99,59,
10/9/2024 9:54 PM,1786886,,"Fitapreta '""a Laranja Mecânica"" Alentejo Portugal",$31.99,59,
10/9/2024 9:54 PM,1786887,2023,Viñátigo Listán Negro Rosado Tenerife,$24.99,48,
10/9/2024 9:54 PM,1071821,,Los Bermejos Naturalmente Dulce Malvasía Lanzarote (500ml),$44.99,10,
10/9/2024 9:54 PM,1786891,2022,Los Bermejos Listan Negro Lanzarote,$27.99,48,
10/9/2024 9:54 PM,1636948,2014,"Antinori ""Tignanello"" Toscana 6-Pack (Pre-Arrival)","$1,094.00",Sold Out,
10/9/2024 9:54 PM,1683791,2020,"Bélair-Monange, St-Émilion 6-Pack in OWC (Special Order) (Pre-Arrival)",$825.00,Sp O,
10/9/2024 9:54 PM,1572162,2011,"Cheval Blanc, St-Émilion 6-Pack in OWC (Special Order) (Pre-Arrival)","$3,495.00",Sp O,
10/9/2024 9:54 PM,1444969,2017,"Vieux Château Certan, Pomerol 6-Pack in OWC (Special Order) (Pre-Arrival)","$1,295.00",Sp O,
10/9/2024 9:54 PM,1677389,2012,"Léoville-Las Cases, St-Julien 6-Pack in OWC (Special Order) (Pre-Arrival)","$1,250.00",Sp O,
10/9/2024 9:54 PM,1656615,2005,"Margaux, Margaux 12-Pack in OWC (Special Order) (Pre-Arrival)","$10,995.00",Sp O,
10/9/2024 9:54 PM,1709549,2016,"Valdicava ""Madonna del Piano"" Brunello di Montalcino Riserva 6-Pack (Special Order) (Pre-Arrival)","$1,595.00",Sp O,
10/9/2024 9:54 PM,1635531,2016,"Francesco Rinaldi ""Brunate"" Barolo 6-Pack (Special Order) (Pre-Arrival)",$475.00,Sp O,
10/9/2024 9:54 PM,1730972,2015,"Petrolo ""Galatrona"" Toscana 6-Pack in OWC (Special Order) (Pre-Arrival)",$595.00,Sp O,
10/9/2024 9:54 PM,1674479,2018,"Montevertine ""Montevertine"" Toscana 6-Pack (Special Order) (Pre-Arrival)",$499.00,Sp O,
10/9/2024 9:39 PM,1701316,2022,"Walter Scott ""La Combe Verte"" Willamette Valley Chardonnay",$34.95,> 60,
10/9/2024 9:39 PM,1746401,2022,"Walter Scott ""X Novo Vineyard"" Eola-Amity Hills Chardonnay",$99.95,12,
10/9/2024 9:39 PM,1785869,2019,"Primosic ""Skin"" Collio Friulano Orange Wine",$26.99,36,
10/9/2024 9:39 PM,1785874,2022,St-Michael-Eppan Lagrein Alto Adige,$19.99,33,
10/9/2024 9:39 PM,1785876,2021,Casale del Giglio Cesanese Lazio,$19.99,35,
10/9/2024 9:39 PM,1785873,2022,"St Michael Eppan ""Schulthauser"" Pinot Bianco",$24.99,36,
10/9/2024 9:39 PM,1572370,2018,"Albert Bichot (Domaine du Clos Frantin) Vosne-Romanée 1er Cru ""Les Malconsorts"" 6-Pack (Special Order) (Pre-Arrival)","$1,075.00",Sp O,
10/9/2024 9:39 PM,1617715,2017,Domaine Bonneau du Martray Corton-Charlemagne Grand Cru (1.5L) 3-Pack (Special Order) (Pre-Arrival),"$2,995.00",Sp O,
10/9/2024 9:39 PM,1421010,2014,"Lynch-Bages, Pauillac 6-Pack in OWC (Special Order) (Pre-Arrival)",$825.00,Sp O,
10/9/2024 9:39 PM,1592983,2014,Bartolo Mascarello Barolo 3-Pack (Special Order) (Pre-Arrival),$895.00,Sp O,
10/9/2024 9:39 PM,1444378,2010,"Beauséjour (Duffau), St-Emilion 12-Pack in OWC (Special Order) (Pre-Arrival)","$4,225.00",Sp O,
10/9/2024 9:39 PM,1535742,2005,"Palmer, Margaux 12-Pack in OWC (Special Order) (Pre-Arrival)","$4,895.00",Sp O,
10/9/2024 9:39 PM,1702654,2016,Domaine du Clos de Tart Clos de Tart Grand Cru 6-Pack (Special Order) (Pre-Arrival),"$3,995.00",Sp O,
10/9/2024 9:39 PM,1657597,2018,"Domaine Courbis ""Les Eygats"" Cornas 6-Pack (Pre-Arrival)",$345.00,Sold Out,
10/9/2024 9:39 PM,1649418,2018,"Dominio de Pingus ""Flor de Pingus"" Ribera del Duero (1.5L) 3-Pack (Special Order) (Pre-Arrival)",$650.00,Sp O,
10/9/2024 9:39 PM,1677578,2018,"Cappellano ""Otin Fiorin - Piè Rupestris"" Barolo 6-Pack (Special Order) (Pre-Arrival)","$1,295.00",Sp O,
10/9/2024 9:24 PM,1046275,,Chartreuse Yellow (750ml),$69.99,Sold Out,1
10/9/2024 9:24 PM,660081,,Chartreuse Green (750ml),$69.99,Sold Out,1
10/9/2024 9:09 PM,1561689,2014,"Domaine de la Janasse ""Vieilles Vignes"" Châteauneuf-du-Pape 12-Pack (Special Order) (Pre-Arrival)",$950.00,Sp O,
10/9/2024 9:09 PM,1572159,2016,"Cheval Blanc, St-Emilion 6-Pack in OWC (Special Order) (Pre-Arrival)","$5,425.00",Sp O,
10/9/2024 9:09 PM,1610153,2018,"Valandraud, St-Emilion 6-Pack in OWC (Special Order) (Pre-Arrival)","$1,175.00",Sp O,
10/9/2024 9:09 PM,1728632,2016,"Paolo Scavino ""Bric dël Fiasc"" Barolo 6-Pack (Special Order) (Pre-Arrival)",$850.00,Sp O,
10/9/2024 9:09 PM,1531896,2017,Domaine Ponsot Clos de la Roche Grand Cru Vieilles Vignes (1.5L) 3-Pack in OWC (Special Order) (Pre-Arrival),"$2,895.00",Sp O,
10/9/2024 9:09 PM,1776132,2017,"Domaine Bouchard Père et Fils Chevalier-Montrachet Grand Cru ""La Cabotte"" 6-Pack (Special Order) (Pre-Arrival)","$4,995.00",Sp O,
10/9/2024 9:09 PM,1773667,2000,"Pontet-Canet, Pauillac (1.5L) 6-pack in OWC (Special Order) (Pre-Arrival)","$2,695.00",Sp O,
10/9/2024 8:54 PM,1641273,,"Shirataki Shuzo Jozen Mizuno Gotoshi Junmai Ginjo ""Hiyaoroshi"" Sake (300ml)",$15.99,12,
10/9/2024 8:39 PM,1619099,2016,Poggiarellino Brunello di Montalcino,$39.99,Sold Out,
10/9/2024 8:39 PM,1479272,,"Duménil 1er Cru ""Réserve #22"" Brut Champagne",$39.99,1,
10/9/2024 8:39 PM,1512613,2015,"Livio Sassetti ""Pertimali"" Brunello di Montalcino",$74.99,1,
10/9/2024 8:39 PM,1619101,2016,Poggiarellino Brunello di Montalcino Riserva,$49.99,Sold Out,
10/9/2024 8:24 PM,1587880,,Courtois Brut Champagne (Previously $40),Hidden,Sold Out,
10/9/2024 8:24 PM,1630057,2017,"Jean-Jacques Lamoureux ""Florine"" Brut Champagne",$44.99,Sold Out,
10/9/2024 8:24 PM,1709060,2022,"Château de la Charrière Chassagne-Montrachet ""Les Champs Morjot""",$49.99,Sold Out,
10/9/2024 8:24 PM,1580239,2016,Castelgiocondo Frescobaldi Brunello di Montalcino,$64.99,2,
10/9/2024 8:24 PM,1435598,2012,Le Ragnaie Brunello di Montalcino,$79.99,1,
10/9/2024 8:24 PM,1320915,,"Henhouse Brewing ""Stoked!"" Pale Ale, California (12oz cans)",$2.49,24,
10/9/2024 8:24 PM,1786677,,Hedonista de la Fe Wild Cuish (A. Karwinskii) Santiago Matatlan Oaxacan Mezcal (750ml),$79.99,6,
10/9/2024 8:24 PM,1786678,,Hedonista de la Fe Espadin (A. Angustifolia) Santiago Matatlan Oaxacan Mezcal (750ml),$39.99,6,
10/9/2024 8:24 PM,1785559,2014,"Royal Brackla 9 Year ""Single Cask Nation"" 2nd Fill Bourbon No. 193123 Single Barrel Cask Strength Highland Single Malt Scotch Whisky (750ml)",$99.99,27,
10/9/2024 7:39 PM,1786681,,"Virginia Distilling Co. VDC Series ""Blue Ridge"" Toasted Oak Finished American Single Malt Whiskey (700ml)",$39.99,21,
10/9/2024 7:39 PM,1786682,,"Virginia Distilling Co. VDC Series ""Hardywood Gingerbread"" Stout Barrel Finished American Single Malt Whiskey (700ml)",$44.99,21,
10/9/2024 7:23 PM,1786903,2022,"Descendientes de José Palacios ""Corullon"" Bierzo",$59.99,24,
10/9/2024 7:08 PM,1786881,,"Radiant Beer Co. ""Such A Fine Line"" Czech-Style Pilsner, Anaheim (16oz Can)",$4.59,89,
10/9/2024 7:08 PM,1786879,,"Radiant Beer Co. ""A Little Krush"" WC IPA (Simcoe, Citra, Krush), California (16oz can)",$4.99,93,
10/9/2024 7:08 PM,1704679,,"Radiant Beer Co. ""I'm Not Letting Sousaphone Die, You Guys"" Festbier, Anaheim (16oz Can)",$4.49,92,
10/9/2024 7:08 PM,1635929,,"Radiant Beer Co. ""Extremely Well Würst"" Marzen Lager, Anaheim (16oz Can)",$4.39,90,
10/9/2024 7:08 PM,1786878,,"Radiant Beer Co. ""Always With Me"" HIPA (Mosaic, Citra, Motueka, Cashmere), Anaheim (16oz Can)",$4.99,90,
10/9/2024 7:08 PM,1786885,,"Radiant Beer Co. ""Speed Of Now"" Fresh Strata IPA, California (16oz can)",$5.49,89,
10/9/2024 7:08 PM,1786884,,"Radiant Beer Co. ""Ethereal Connection"" TIPA (Citra, Simcoe, HBC 630, Strata), Anaheim (16oz Can)",$5.99,89,
10/9/2024 6:23 PM,1782957,,Le Gauloise (Chartreuse Substitute) Green Herbal Liqueur  (750ml),$39.99,> 12,1
10/9/2024 6:08 PM,1736880,2020,Harlan Estate Napa Valley Bordeaux Blend,"$1,499.99",3,
10/9/2024 6:08 PM,1663747,2019,Harlan Estate Napa Valley Bordeaux Blend,"$1,699.99",2,
10/9/2024 6:08 PM,1744822,2021,Scarecrow Napa Valley Cabernet Sauvignon,$899.99,3,
10/9/2024 5:53 PM,1787180,,Rare Character 7.2 Barrel #MAP-R-467 Maple Cask Finished Cask Strength Indiana Straight Rye Whiskey (750ml),$139.99,6,
10/9/2024 5:53 PM,1785554,,"Cabal ""Parcela El Crucero II"" Blanco Tequila (700mL)",$42.99,28,
10/9/2024 5:53 PM,1576402,,"Luneta ""Chino"" (A. Salmiana) Palmar Segundo San Luis Potosi Uncertified Mezcal (750ml)",$154.99,6,
10/9/2024 5:53 PM,1785553,,"Cabal ""Parcela El Crucero II"" Still Strength Blanco Tequila (700mL)",$79.99,26,
10/9/2024 5:53 PM,1785566,,Mama Chuy Laurel Gin (750ml),$32.99,24,
10/9/2024 5:38 PM,1656209,2019,"Hall ""Kathryn Hall"" Napa Valley Cabernet Sauvignon",$174.95,16,
10/9/2024 5:23 PM,1785562,2013,"Bowmore 11 Year Old ""Single Cask Nation"" 2nd Fill Bourbon Barrel No. 160491 Single Barrel Cask Strength Islay Single Malt Scotch Whisky (750ml)",$139.99,38,
10/9/2024 5:23 PM,1785556,2011,"Blackboats Bridge (Glenfarclas) 13 Year ""Single Cask Nation"" 1st Fill Oloroso Sherry Hogshead No. 152768 Single Barrel Cask Strength Speyside Single Malt Scotch Whisky (750ml)",$139.99,34,
10/9/2024 5:23 PM,1778715,2013,"Ben Nevis 10 Year Old ""Adelphi"" Single Refill Oloroso Sherry Butt #13 Cask Strength Single Malt Scotch Whisky (700ml)",$119.99,> 36,
10/9/2024 5:23 PM,1778714,2015,"Dailuaine 9 Year Old ""Adelphi"" Single First Fill Oloroso Sherry Hogshead #300966 Cask Strength Single Malt Scotch Whisky (700ml)",$109.99,26,
10/9/2024 5:23 PM,1785560,2005,"Strathclyde 18 Year ""Single Cask Nation"" American Oak STR Barrique No. 152673 Single Barrel Cask Strength Lowland Single Grain Scotch Whisky (750ml)",$139.99,30,
10/9/2024 5:23 PM,1785555,2007,"Craigellachie 16 Year ""Single Cask Nation"" 1st Fill Spanish Oak Oloroso Sherry Hogshead No. 173219 Single Barrel Cask Strength Speyside Single Malt Scotch Whisky (750ml)",$159.99,> 48,
10/9/2024 5:23 PM,1785561,2012,"Glen Scotia 12 Year Old ""Single Cask Nation"" New Charred Barrel No. 160926 Single Barrel Cask Strength Campbeltown Single Malt Scotch Whisky (750ml)",$119.99,9,
10/9/2024 5:23 PM,1778713,2011,"Glen Garioch 12 Year ""Adelphi"" Single First Fill Bourbon Barrel #2369 Cask Strength Single Malt Scotch Whisky (700ml)",$109.99,12,
10/9/2024 5:23 PM,1704007,2015,"Moët & Chandon ""Grand Vintage"" Extra Brut Champagne",$109.99,7,
10/9/2024 5:23 PM,1785558,2012,"Balmenach 11 Year ""Single Cask Nation"" 1st Fill Heavy Toast Medium Char No. 180251 Single Barrel Cask Strength Speyside Single Malt Scotch Whisky (750ml)",$109.99,30,
10/9/2024 5:23 PM,1785557,2011,"Linkwood 12 Year ""Single Cask Nation"" 1st Fill Bourbon No. 172428 Single Barrel Cask Strength Speyside Single Malt Scotch Whisky (750ml)",$109.99,27,
10/9/2024 5:08 PM,1787172,2022,Giuseppe Rinaldi Barbera d'Alba (Pre-Arrival),$69.99,12,
10/9/2024 4:53 PM,1023471,,Eagle Rare 10 Year Old Kentucky Straight Bourbon Whiskey (750ml),$49.99,Sold Out,1
10/9/2024 4:53 PM,1311252,,"Blanton's ""Straight from the Barrel"" Single Barrel Bourbon (750ml)",$200.00,Sold Out,6
10/9/2024 4:38 PM,1781399,2021,"Robert Craig ""Estate - Amentet Vineyard"" Mount Veeder Cabernet Sauvignon",$119.95,6,
10/9/2024 4:38 PM,1735813,2014,"Colgin ""IX Estate - Historic Collection"" Napa Valley Bordeaux Blend 1-Pack in OWC (Special Order)",$699.00,Sp O,
10/9/2024 4:38 PM,1786679,,"5 Sentidos Wild Jabali-Tobala (Reynaldo Alejandro) ""Chambers & Chambers Exclusive"" Santa Catarina Albarradas Uncertified Oaxacan Mezcal (750ml)",$134.99,12,
10/9/2024 4:38 PM,1692643,,"5 Sentidos Puntas De Espadin ""Tio Tello"" (Tio Pedro Hernandez Arrellanes) Santa Catarina Minas Uncertified Oaxacan Mezcal (750ml)",$109.99,Sold Out,
10/9/2024 4:23 PM,1786680,,"Blue Run ""K&L Exclusive"" Cask Strength Single Barrel Kentucky Straight Bourbon Whiskey (750ml)",$139.99,> 12,
10/9/2024 4:23 PM,1786902,2022,Vietti ''Tre Vigne'' Barbera d'Alba,$29.99,12,
10/9/2024 4:23 PM,1787164,2022,"Johann Michel ""Cuvée Jana"" Cornas (Special Order) (Pre-Arrival)",$69.99,Sp O,
10/9/2024 4:08 PM,1784782,2022,"Williams Selyem ""Westside Road Neighbors"" Russian River Valley Pinot Noir",$119.99,6,
10/9/2024 4:08 PM,1784783,2023,Williams Selyem Russian River Valley Vin Gris of Pinot Noir,$39.99,6,
10/9/2024 3:07 PM,1433743,2016,"Antinori ""Tignanello"" Toscana (Pre-Arrival)",$224.99,> 36,
10/9/2024 3:07 PM,1785567,,"Darroze 50th Anniversary ""Unique Assemblage Des Grandes Années"" Cask Strength Bas-Armagnac (750ml)",$159.99,16,
10/9/2024 2:22 PM,1786643,2021,Chris Hamilton Napa Valley Proprietary Red,$29.95,59,
10/9/2024 2:22 PM,1786641,2021,"Chris Hamilton ""Wülf - Pelissa Vineyard"" Oakville Cabernet Sauvignon",$79.95,60,
10/9/2024 2:22 PM,1786642,2021,Chris Hamilton Yountville Napa Valley Merlot,$39.95,60,
10/9/2024 2:22 PM,1786644,2023,Chris Hamilton Napa Valley Sauvignon Blanc,$24.95,60,
10/9/2024 1:37 PM,1783939,2020,"Antinori Bocca Di Lupo ""Arso"" Cabernet Franc Puglia",$224.99,3,
10/9/2024 9:06 AM,1715898,,"Rare Character 9 Year ""Exceptional Cask Series"" Single Barrel E-KB-13 Cask Strength Kentucky Straight Bourbon Whiskey (750ml)",$230.00,Sold Out,2
10/9/2024 9:06 AM,1679504,,"Russell's Reserve ""K&L Exclusive - The Closer"" (Warehouse TYR Q, Floor 4) Single Barrel #23-0341 Kentucky Bourbon (750ml)",$69.99,Sold Out,1
10/9/2024 9:06 AM,1679496,,"Russell's Reserve ""K&L Exclusive - Adrenaline Junkie"" (Warehouse TY-K, Floor 4) Single Barrel #23-0212 Kentucky Bourbon (750ml)",$69.99,Sold Out,1
10/9/2024 5:05 AM,1056648,2009,"Saint-Pierre, St-Julien (Pre-Arrival)",$124.99,9,
10/9/2024 5:05 AM,1320022,2015,"d'Yquem, Sauternes (375ml) (Pre-Arrival)",$224.99,Sold Out,
10/9/2024 1:50 AM,1763913,2017,"Tyrrell's ""Vat 1"" Semillon Hunter Valley New South Wales",$69.99,Sold Out,
10/9/2024 12:04 AM,1783563,1986,"Lafite Rothschild, Pauillac (Pre-Arrival)","$1,275.00",1,
10/8/2024 11:49 PM,1627269,2016,Domaine Bertagna Clos Vougeot Grand Cru 6-Pack (Special Order) (Pre-Arrival),"$1,595.00",Sp O,
10/8/2024 11:49 PM,1712592,2018,Casanova di Neri Brunello di Montalcino 6-Pack (Special Order) (Pre-Arrival),$450.00,Sp O,
10/8/2024 11:49 PM,1554213,2015,"Pichon-Lalande, Pauillac 12-Pack in OWC (Special Order) (Pre-Arrival)","$2,850.00",Sp O,
10/8/2024 11:49 PM,1712597,2018,"Casanova di Neri ""Tenuta Nuova"" Brunello di Montalcino 6-Pack (Special Order) (Pre-Arrival)",$750.00,Sp O,
10/8/2024 11:49 PM,1725492,2020,"René Rostaing ""La Landonne"" Côte-Rôtie 6-Pack (Special Order) (Pre-Arrival)",$895.00,Sp O,
10/8/2024 11:49 PM,1724966,2017,"Casanova di Neri ""Tenuta Nuova"" Brunello di Montalcino 6-Pack (Special Order) (Pre-Arrival)",$650.00,Sp O,
10/8/2024 11:49 PM,1676141,2019,"Arômes de Pavie, St-Emilion 6-Pack in OWC (Special Order) (Pre-Arrival)",$625.00,Sp O,
10/8/2024 11:49 PM,1452005,2015,"Delas Freres ""La Landonne"" Côte-Rôtie 6-Pack in OWC (Special Order) (Pre-Arrival)","$1,450.00",Sp O,
10/8/2024 11:49 PM,1677374,2018,"Arômes de Pavie, St-Emilion 6-Pack in OWC (Special Order) (Pre-Arrival)",$695.00,Sp O,
10/8/2024 11:49 PM,1440056,2013,"Poggio Scalette ""Il Carbonaione"" Alta Valle della Greve 6-Pack (Special Order) (Pre-Arrival)",$325.00,Sp O,
10/8/2024 11:49 PM,1528503,2009,"Ducru-Beaucaillou, St-Julien 6-Pack in OWC (Pre-Arrival)","$2,195.00",Sold Out,
10/8/2024 11:49 PM,1754534,2020,Domaine Bonneau du Martray Corton-Charlemagne Grand Cru 6-Pack (Special Order) (Pre-Arrival),"$3,125.00",Sp O,
10/8/2024 11:49 PM,1576025,2016,"Chateau Hosanna, Pomerol 6-Pack in OWC (Special Order) (Pre-Arrival)",$995.00,Sp O,
10/8/2024 11:49 PM,1725493,2020,"Rene Rostaing ""Côte Brune"" Côte-Rôtie 6-Pack (Special Order) (Pre-Arrival)","$1,950.00",Sp O,
10/8/2024 11:49 PM,1528326,2010,"Lafite-Rothschild, Pauillac 6-Pack in OWC (Pre-Arrival)","$5,450.00",Sold Out,
10/8/2024 11:49 PM,1556420,2014,"Delas Frères ""Les Bessards"" Hermitage 6-Pack (Special Order) (Pre-Arrival)",$875.00,Sp O,
10/8/2024 11:49 PM,1740031,2020,Domaine Prieuré Roch Clos de Vougeot Grand Cru 6-Pack (Special Order) (Pre-Arrival),"$4,175.00",Sp O,
10/8/2024 11:49 PM,1539721,2009,"Branaire-Ducru, St-Julien 12-Pack in OWC (Pre-Arrival)","$1,195.00",Sold Out,
10/8/2024 11:19 PM,1771198,2013,Castellucci Spring Mountain Cabernet Sauvignon (Elsewhere $200),Hidden,Sold Out,
10/8/2024 10:19 PM,1695118,2022,Ken Wright Willamette Valley Pinot Noir,$24.95,6,
10/8/2024 10:04 PM,1786912,2023,"Alain Corcia ""Saint-Antoine"" Chablis Vieilles Vignes",$24.99,Sold Out,
10/8/2024 9:34 PM,1695181,2019,"Rudd ""Crossroads"" Oakville Cabernet Sauvignon (Previously $80)",Hidden,Sold Out,
10/8/2024 9:19 PM,1785180,2021,"Viu Manent ""Gran Reserva"" Cabernet Sauvignon Colchagua Valley",$14.99,> 100,
10/8/2024 9:19 PM,1785181,2022,"Viu Manent ""Noble"" Semillon Colchagua Valley",$15.99,48,
10/8/2024 9:19 PM,1786905,2022,"Tua Rita ""Per Sempre"" Syrah Toscana (Pre-Arrival)",$169.99,30,
10/8/2024 9:19 PM,1786906,2022,"Tua Rita ""Giusto Di Notri"" Toscana IGT (Pre-Arrival)",$74.99,24,
10/8/2024 9:19 PM,1786904,2022,"Tua Rita ""Redigaffi"" Toscana (Pre-Arrival)",$229.99,29,
10/8/2024 9:04 PM,1786630,2018,Smith-Madrone Spring Mountain District Napa Valley Chardonnay,$39.99,Sold Out,
10/8/2024 8:49 PM,1786893,2023,"Ampeleia ""UnLitro"" Toscana IGT (Pre-Arrival)",$17.99,> 60,
10/8/2024 8:49 PM,1786892,2016,"La Stoppa ""Macchiona"" Rosso Emilia IGT (Pre-Arrival, Elsewhere $50)",$38.99,> 48,
10/8/2024 8:49 PM,1786889,2020,"La Stoppa ""Ageno"" Bianco Emilia IGT (Pre-Arrival, Elsewhere $50)",$38.99,47,
10/8/2024 8:49 PM,1786898,2023,"Capichera ""Vign'Angena"" Vermentino di Gallura DOCG Sardegna (Pre-Arrival, Elsewhere $55)",$39.99,24,
10/8/2024 8:49 PM,1786897,2023,"Capichera ""Lintori"" Vermentino di Sardegna (Pre-Arrival)",$23.99,> 60,
10/8/2024 8:49 PM,1786895,2022,"Ampeleia ""Cabernet Franc"" Toscana IGT (Pre-Arrival)",$32.99,36,
10/8/2024 8:49 PM,1786901,2022,"Capichera ""VT"" Vermentino  Isola dei Nuraghi IGT Sardegna (Pre-Arrival, Elsewhere $100)",$69.99,24,
10/8/2024 8:49 PM,1786900,2023,"Capichera ""Capichera"" Vermentino Classico Isola dei Nuraghi IGT Sardegna (Pre-Arrival, Elsewhere $75)",$49.99,48,
10/8/2024 8:49 PM,1786894,2022,"Ampeleia ""Bianco Di Ampeleia"" Toscana IGT (Pre-Arrival)",$23.99,36,
10/8/2024 8:49 PM,1786899,2021,"Capichera ""Santigaini"" Vermentino Isola dei Nuraghi IGT Sardegna (Pre-Arrival)",$159.99,18,
10/8/2024 8:49 PM,1786890,2022,"La Stoppa ""Trebbiolo"" Rosso Emilia IGT (Pre-Arrival)",$22.99,> 48,
10/8/2024 8:49 PM,1786896,2021,"Ampeleia ""Ampeleia"" Toscana IGT (Pre-Arrival)",$39.99,36,
10/8/2024 8:19 PM,1397217,,"Russian River Brewing Co. ""Shadow of a Doubt"" Imperial Porter, California (500ml) *NO SHIPPING/TRANSFERS OUTSIDE BAY AREA*",$5.99,Sold Out,
10/8/2024 8:03 PM,1786145,2021,Elio Ottin Pinot Noir Valle d'Aosta (Elsewhere $35),$22.99,47,
10/8/2024 8:03 PM,1649096,,Hand On Heart California Non-Alcoholic Chardonnay,$14.95,48,
10/8/2024 8:03 PM,1691753,,Hand On Heart California Non-Alcoholic Rosé,$14.95,35,
10/8/2024 8:03 PM,1620580,2019,"Smith & Hook ""Reserve"" Paso Robles Cabernet Sauvignon (Previously $40)",Hidden,54,
10/8/2024 8:03 PM,1342518,,Suze Gentian Liqueur 750ml,$27.99,Sold Out,
10/8/2024 7:48 PM,1785870,2018,E. Guigal Hermitage Rouge,$79.99,12,
10/8/2024 7:48 PM,1785570,,Eden Mill St Andrews Lowland Single Malt Scotch(750ml),$79.99,6,
10/8/2024 7:48 PM,1517571,,"Eden Mill ""Golf"" St Andrews Scottish Gin (700ml)",$34.99,18,
10/8/2024 7:48 PM,1277511,,"Eden Mill ""Love"" St Andrews Scottish Gin (700ml) (cannot ship - in store only)",$34.99,18,
10/8/2024 7:33 PM,1783582,2023,Union Sacré Monterey Skin Fermented Pinot Gris (Orange Wine),$17.95,6,
10/8/2024 7:18 PM,1782189,2020,"Trediberri 'Berri' Barolo (Pre-Arrival, Elsewhere $65)",$49.99,53,
10/8/2024 7:03 PM,1680760,2015,"Louis Roederer ""Cristal"" Brut Champagne (Previously $370)",$299.99,> 24,
10/8/2024 7:03 PM,1117961,,"Darroze Les Grand Assemblages ""30 Year Old"" Bas-Armagnac (750ml)",$139.99,28,
10/8/2024 7:03 PM,1786874,2023,"Cavallotto ""Pinner"" Pinot Nero Vinified White (Pre-Arrival)",$34.99,35,
10/8/2024 7:03 PM,1786869,2020,"Cavallotto ""Bricco Boschis"" Barolo (Pre-Arrival)",$94.99,24,
10/8/2024 7:03 PM,1786870,2022,Cavallotto Langhe Nebbiolo (Pre-Arrival),$39.99,36,
10/8/2024 7:03 PM,1786871,2018,"Cavallotto ""Vignolo"" Barolo Riserva (Pre-Arrival)",$139.99,48,
10/8/2024 7:03 PM,1786872,2018,"Cavallotto ""Vigna San Giuseppe"" Barolo Riserva (Pre-Arrival)",$179.99,48,
10/8/2024 7:03 PM,1742230,,Gilles Brisson VSOP Grande Champagne Cognac (750ml),$39.99,12,
10/8/2024 7:03 PM,1785568,,Toutain Hors D'Age Calvados (750ml),$74.99,12,
10/8/2024 7:03 PM,1632715,1972,"Darroze ""Domaine de Gaube"" Bas Armagnac (750ml)",$379.99,5,
10/8/2024 7:03 PM,1785569,1974,"Darroze ""Domaine de Tucom"" Bas-Armagnac (750ml)",$359.99,5,
10/8/2024 6:18 PM,1786860,2022,"Fabio Gea ""Pinotto"" Dolcetto d'Alba Vino Rosso Piemonte (Pre-Arrival)",$34.99,30,
10/8/2024 6:18 PM,1786855,2022,"Fabio Gea ""Back Grin"" Grignolino Vino Rosso Piemonte (Pre-Arrival)",$46.99,24,
10/8/2024 6:18 PM,1786853,2022,"Gianfranco Fino ""Es"" Primitivo di Manduria (Pre-Arrival)",$79.99,24,
10/8/2024 6:18 PM,1786864,2022,"Fabio Gea ""Onde Gravitazionali"" Barbera Nebbiolo Wild Grapes Vino Rosso Piemonte (Pre-Arrival)",$52.99,11,
10/8/2024 6:18 PM,1786856,2022,"Fabio Gea ""Cul Otte"" Nebbiolo Vino Rosso Piemonte (Pre-Arrival)",$58.99,24,
10/8/2024 6:18 PM,1786857,2022,"Fabio Gea ""DNASS"" Nebbiolo Vino Rosso Piemonte (Pre-Arrival)",$65.99,18,
10/8/2024 6:18 PM,1786863,2022,"Fabio Gea ""Mushroom Panda"" Dolcetto Nebbiolo Vino Rosso Piemonte (Pre-Arrival)",$46.99,23,
10/8/2024 6:18 PM,1786865,2020,"Fabio Gea ""Notu Preparava Decotti de Parietaria al Bue"" Nebbiolo Vino Rosso Piemonte (Pre-Arrival)",$109.99,4,
10/8/2024 6:18 PM,1786858,2022,"Fabio Gea ""Green Palma"" Barbera Vino Rosso Piemonte (Pre-Arrival)",$49.99,24,
10/8/2024 6:18 PM,1786866,2019,"Fabio Gea ""Notu Seguiva Le Gocce d'Acqua"" Barbaresco Piemonte (Pre-Arrival)",$109.99,3,
10/8/2024 6:18 PM,1786861,2021,"Fabio Gea ""Notu E L'Albera"" Nebbiolo Barbera Vino Rosso Piemonte (Pre-Arrival)",$72.99,10,
10/8/2024 6:18 PM,1786859,2021,"Fabio Gea ""Green Palma Superiore"" Barbera Vino Rosso Piemonte (Pre-Arrival)",$64.99,3,
10/8/2024 6:18 PM,1786868,2016,"Fabio Gea ""Notu Andava a Tartufi"" Barbaresco Riserva Piemonte (Pre-Arrival)",$149.99,Sold Out,
10/8/2024 6:18 PM,1786867,,Bols Blue Curacao (Special Order),$16.99,Sp O,
10/8/2024 6:03 PM,1675495,2018,"Ciacci Piccolomini d'Aragona ""Pianrosso"" Brunello di Montalcino 6-Pack (Special Order) (Pre-Arrival)",$425.00,Sp O,
10/8/2024 5:18 PM,1786852,2019,"Bartolo Mascarello Barolo (Pre-Arrival, Elsewhere $375)",$329.99,13,
10/8/2024 5:18 PM,1321129,2015,"Fonseca ""Guimaraens"" Vintage Port",$54.99,6,
10/8/2024 5:18 PM,1777775,2021,Clos Apalta Colchagua Valley (Pre-Arrival),$124.99,4,
10/8/2024 5:18 PM,1631633,2019,"Cobb ""Coastlands Vineyard"" Sonoma Coast Pinot Noir",$89.95,Sold Out,
10/8/2024 4:03 PM,1705813,2017,"Tahbilk ""Museum Release"" Marsanne Nagambie Lakes Victoria",$16.99,Sold Out,
10/8/2024 3:47 PM,1785804,2019,"Château Gigognan ""Clos du Roi"" Châteauneuf-du-Pape",$34.99,> 48,
10/8/2024 3:47 PM,1500714,,"Xavier Vignon ""Arcane Le Fou"" Vin de France",$24.99,> 60,
10/8/2024 3:47 PM,1785815,1991,"Xavier Vignon ""1991"" Châteauneuf-du-Pape",$119.99,> 60,
10/8/2024 3:47 PM,1785805,2020,Château Gigognan Côtes-du-Rhône Villages Signargues,$14.99,> 48,
10/8/2024 3:47 PM,1720643,2020,Domaine Benedetti Châteauneuf-du-Pape,$29.99,> 100,
10/8/2024 3:47 PM,1521585,2000,"Xavier Vignon ""2000"" Châteauneuf-du-Pape",$89.99,> 60,
10/8/2024 3:47 PM,1785803,2022,"Domaine Benedetti ""Statera"" Châteauneuf-du-Pape",$59.99,> 100,
10/8/2024 3:47 PM,1785807,2020,"Château Gigognan ""Bois des Moines"" Côtes-du-Rhône Villages",$19.99,> 48,
10/8/2024 3:47 PM,1785818,1999,"Xavier Vignon ""1999"" Châteauneuf-du-Pape",$89.99,> 60,
10/8/2024 3:47 PM,1785817,1998,"Xavier Vignon ""1998"" Châteauneuf-du-Pape",$109.99,> 60,
10/8/2024 3:47 PM,1785806,2023,Chateau Gigognan Viognier Côtes-du-Rhône Blanc,$19.99,> 48,
10/8/2024 3:47 PM,1785808,2022,"Chateau Gigognan ""Clos du Roi"" Chateauneuf-du-Pape Blanc",$39.99,> 48,
10/8/2024 2:32 PM,1786649,2023,"Grand Scheme ""Estate"" Carneros Chardonnay",$39.95,35,
10/8/2024 2:32 PM,1786648,2023,"Grand Scheme ""Estate"" Carneros Pinot Noir",$54.95,24,
10/8/2024 5:15 AM,1407980,2018,"Larcis Ducasse, St-Emilion (Pre-Arrival)",$89.99,55,
10/8/2024 5:15 AM,1480602,2019,"Beau-Séjour Bécot, St-Émilion (Pre-Arrival)",$59.99,> 60,
10/8/2024 5:15 AM,1299434,2016,"Reserve de la Comtesse de Lalande, Pauillac (Pre-Arrival)",$59.99,> 48,
10/8/2024 5:15 AM,1484693,2019,"Pichon-Lalande, Pauillac (1.5L) (Pre-Arrival)",$399.99,6,
10/8/2024 5:15 AM,1418413,2018,"Domaine de Chevalier Rouge, Pessac-Léognan 6-Pack in OWC (Pre-Arrival)",$495.00,10,
10/8/2024 12:30 AM,1352620,2013,Il Marroneto Brunello di Montalcino (Pre-Arrival),$119.99,6,
10/8/2024 12:30 AM,1782190,2020,Trediberri 'Rocche dell Annunziata' Barolo (Pre-Arrival),$99.99,16,
10/8/2024 12:30 AM,1786676,2013,"Il Marroneto Brunello di Montalcino (1.5L) (Pre-Arrival, Elsewhere $300)",$269.90,1,
10/8/2024 12:15 AM,1786675,2018,Giulia Negri Barbera d'Alba (Pre-Arrival),$36.99,18,
10/8/2024 12:15 AM,1786674,2016,"Passopisciaro ""Contrada S"" Sciaranuova Sicilia Rosso (Pre-Arrival)",$69.99,12,
10/8/2024 12:15 AM,1786673,2016,"Passopisciaro ""Contrada G"" Guardiola  Sicilia Rosso (Pre-Arrival)",$69.99,6,
10/8/2024 12:15 AM,1469357,2015,"Produttori del Barbaresco ""Ovello"" Barbaresco Riserva (Pre-Arrival)",$89.99,10,
10/8/2024 12:15 AM,1479821,2016,"Castello di Ama ""L'Apparita"" Toscana (Pre-Arrival)",$279.99,Sold Out,
10/7/2024 11:59 PM,1786672,2016,"Passopisciaro ""Contrada C"" (Chiappe Macine) Sicilia Rosso (Pre-Arrival)",$69.99,12,
10/7/2024 11:59 PM,1786671,2009,"Gravner ""Bianco Sivi"" Bianco Friuli-Venezia Giulia (Pre-Arrival)",$209.99,3,
10/7/2024 11:29 PM,1786668,2022,Emidio Pepe Montepulciano d'Abruzzo (Pre-Arrival),$99.99,9,
10/7/2024 11:29 PM,1632187,2018,"Littorai ""B.A. Thieriot Vineyard"" Sonoma Coast Pinot Noir",$99.99,Sold Out,
10/7/2024 11:29 PM,1577384,2020,"Littorai ""Les Larmes"" Anderson Valley Pinot Noir",$69.99,Sold Out,
10/7/2024 11:29 PM,1517338,2012,"Trimbach ""Cuvée Frédéric Émile"" Riesling Alsace",$69.99,1,
10/7/2024 11:29 PM,1720905,2020,"Thierry Germain (des Roches Neuves) ""La Marginale"" Saumur-Champigny Rouge",$39.99,2,
10/7/2024 11:29 PM,1438970,2012,"Navarro ""Deep End Blend"" Anderson Valley Pinot Noir",$39.99,1,
10/7/2024 11:14 PM,1786667,2021,Emidio Pepe Trebbiano d'Abruzzo (Pre-Arrival),$89.99,12,
10/7/2024 11:14 PM,1786664,2018,Giuseppe Rinaldi Langhe Freisa (Pre-Arrival),$62.99,24,
10/7/2024 11:14 PM,1786665,2016,"Brezza ""Castellero"" Barolo (Pre-Arrival)",$54.99,18,
10/7/2024 10:29 PM,1768401,2017,"San Guido ""Sassicaia"" Bolgheri (1.5L) (Pre-Arrival)",$699.99,1,
10/7/2024 10:14 PM,1759268,2013,"Domaine de Font-Sane ""Tradition"" Gigondas (Previously $25)",$14.99,2,
10/7/2024 10:14 PM,1034373,2000,"Louis Roederer ""Cristal"" Brut Rosé Champagne",$649.99,1,
10/7/2024 10:14 PM,1750659,2023,Château Pradeaux Bandol Rosé (1.5L),$59.99,1,
10/7/2024 9:44 PM,1786658,2021,"Shafer ""Hillside Select"" Stags Leap District Cabernet Sauvignon (Special Order)",$395.00,Sp O,
10/7/2024 9:29 PM,1786657,2021,"Cliff Lede ""Poetry"" Stags Leap District Cabernet Sauvignon (Special Order)",$374.95,Sp O,
10/7/2024 7:13 PM,1786646,,Brook Hill 15 Year Old Kentucky Straight Bourbon Whiskey (750ml),$599.99,Sold Out,1
10/7/2024 5:28 PM,1563274,2013,"Altesino ""Montosoli"" Brunello di Montalcino",$124.99,Sold Out,
10/7/2024 5:28 PM,1150425,2009,"Araujo ""Eisele Vineyard"" Napa Valley Syrah",$139.99,Sold Out,
10/7/2024 5:13 PM,1487388,2018,Domaine Bouchard Père et Fils Corton-Charlemagne Grand Cru (Pre-Arrival),$199.99,30,
10/7/2024 5:13 PM,1192941,2011,"E. Guigal ""La Landonne"" Côte-Rôtie (Pre-Arrival)",$299.99,3,
10/7/2024 5:13 PM,1192943,2011,"E. Guigal ""La Turque"" Côte-Rôtie (Pre-Arrival)",$299.99,3,
10/7/2024 5:13 PM,1192942,2011,"E. Guigal ""La Mouline"" Côte-Rôtie (Pre-Arrival)",$299.99,2,
10/7/2024 4:43 PM,1759499,2022,"Domaine Changarnier Monthelie 1er Cru ""Le Meix Bataille"" (Pre-Arrival)",$49.99,78,
10/7/2024 3:43 PM,1786628,2020,"Les Carmes Haut-Brion, Pessac-Léognan (1.5L) (Special Order) (Pre-Arrival)",$249.99,Sp O,
10/7/2024 3:43 PM,1786629,2020,"Les Carmes Haut-Brion, Pessac-Léognan (1.5L) 6-Pack in OWC (Special Order) (Pre-Arrival)","$1,450.00",Sp O,
10/7/2024 2:57 PM,1484186,2019,"Margaux, Margaux 6-Pack in OWC (Special Order) (Pre-Arrival)","$3,725.00",Sp O,
10/7/2024 2:57 PM,1480741,2019,"Margaux, Margaux (Special Order) (Pre-Arrival, Elsewhere $800)",$624.99,Sp O,
10/7/2024 2:57 PM,1480752,2019,"Mouton Rothschild, Pauillac (Special Order) (Pre-Arrival)",$574.99,Sp O,
10/7/2024 2:57 PM,1482809,2019,"Mouton Rothschild, Pauillac 6-Pack in OWC (Special Order) (Pre-Arrival)","$3,395.00",Sp O,
10/7/2024 9:11 AM,1725761,,San Matias Gran Reserva K&L Exclusive Single Barrel #125 Extra Añejo Tequila (750ml),$49.99,Sold Out,
10/7/2024 9:11 AM,1740082,,"Russell's Reserve ""K&L Exclusive - Lively Shively"" (Warehouse TY-K, Level 4) Single Barrel #23-0163 Kentucky Straight Bourbon (750ml)",$74.99,Sold Out,1
10/7/2024 9:11 AM,1726740,,"Chinaco ""50 Aniversario"" Limited Edition Añejo Tequila 750ml",$450.00,1,
10/7/2024 9:11 AM,1500616,2018,Ancient Peaks Paso Robles Zinfandel,$16.95,Sold Out,
10/7/2024 9:11 AM,1721867,,Cadenhead's Enigma 15 Year Old Campbeltown Blended Malt Scotch Whisky (700ml),$99.99,Sold Out,
10/7/2024 9:11 AM,1576421,,"Prohibition Craft Spirits ""NULU Toasted Barrel"" Small Batch #CA1 Indiana Straight Bourbon Whiskey (750ml) (Previously $80)",Hidden,Sold Out,
10/7/2024 9:11 AM,1663994,2021,"Ordaz Family Wines ""Nichols Vineyard"" Sonoma Valley Chardonnay (Previously $30)",Hidden,3,
10/6/2024 6:38 PM,1740084,,"Russell's Reserve ""K&L Exclusive - Whisky Row"" (Warehouse TY-K, Level 4) Single Barrel #23-0046 Kentucky Straight Bourbon (750ml)",$74.99,Sold Out,
10/6/2024 6:38 PM,1718870,2023,"Yellowstone ""Limited 2023 Edition"" Tokaji Cask Finished Kentucky Straight Bourbon Whiskey (750ml)",$129.99,Sold Out,
10/6/2024 6:08 PM,1182722,,"Boulard-Bauquaire ""Trepail"" Brut Blanc de Blancs Champagne Vieilles Vignes",$39.99,1,
10/6/2024 4:53 PM,1060009,2002,"Moet & Chandon ""Cuvée Dom Pérignon - Andy Warhol Tribute"" Brut Champagne",$459.99,1,
10/6/2024 4:53 PM,1751632,2021,"Familia Nin-Ortiz ""Nit de Nin Mas D'en Caçador"" Priorat",$149.99,12,
10/6/2024 4:53 PM,1751634,2021,"Familia Nin-Ortiz ""Nit de Nin Coma D´En Romeu"" Priorat",$149.99,10,
10/6/2024 4:38 PM,1760341,2018,"Recaredo ""Terrers"" Brut Nature Corpinnat",$34.99,10,
10/6/2024 4:38 PM,1785176,2017,Finca Adalgisa Malbec Lujan de Cuyo,$49.99,12,
10/6/2024 4:38 PM,1785174,2021,"Per Se ""Volare del Camino"" Malbec Gualtallary",$159.99,6,
10/6/2024 4:23 PM,1778406,2023,ColleStefano Verdicchio di Matelica,$23.99,10,
10/6/2024 9:06 AM,1178086,,"Michel Couvreur ""Peaty Overaged"" K&L Exclusive Malt Whisky (750ml)",$57.99,Sold Out,
10/6/2024 9:06 AM,1644399,2021,"Walt ""Blue Jay"" Anderson Valley Pinot Noir",$39.95,Sold Out,
6/15/2024 12:08 AM,1659632,2005,"Latour, Pauillac 12-Pack in OWC (Pre-Arrival)","$10,995.00",Sold Out,
